"aaNumber","year","monthYear","sequenceInfo","uuid","flightNumber","departureStation","outDateTime","arrivalStation","inDateTime","fly","legGreater","actualBlock","groundTime","overnightDuration","eqModel","eqNumber","eqType","eqCode","fuelPerformance","departurePerformance","arrivalPerformance","position","delayCode"
"420357","2016  ","OCTOBER 2016  ","10/1/2016 22868 PHX 320","542b38f8-2029-40fd-90d9-4168603ed736","552","PHX","2016-10-01T16:37:00","SMF","10/01 18:49","2.12","2.12","2.12","","33.41","A320","N664","320","29","-200.00","-3","12","FO",""
"420357","2016  ","OCTOBER 2016  ","10/1/2016 22868 PHX 320","f74b6087-76ee-49d3-8136-2920a9d70fe9","593","SMF","2016-10-03T05:52:00","PHX","10/03 07:32","1.40","1.48","1.40","","","A321","N551","321","77","700.00","-8","-16","FO",""
"420357","2016  ","OCTOBER 2016  ","10/13/2016 23386 PHX 320","cc21f812-c051-4680-b340-eadd16971ea3","574","PHX","2016-10-13T15:11:00","TPA","10/13 21:54","3.43","3.56","3.43","","14.41","A320","N669","320","29","-300.00","-3","-16","FO",""
"420357","2016  ","OCTOBER 2016  ","10/13/2016 23386 PHX 320","efda45d1-6e21-4013-86b9-db55bc7f9e5c","814","TPA","2016-10-14T14:00:00","PHL","10/14 16:33","2.33","2.33","2.33","","13.32","A321","N558","321","77","0.00","-5","-3","FO",""
"420357","2016  ","OCTOBER 2016  ","10/13/2016 23386 PHX 320","f3a2e457-b492-4513-8114-c2aa5b0551dc","506","PHL","2016-10-15T07:03:00","PHX","10/15 08:54","0.00","","0.00","","","A321","N912","321","AA","-400.00","-2","-18","DH",""
"420357","2016  ","OCTOBER 2016  ","10/17/2016 22616 PHX 320","3b74a93d-8f01-4186-a333-2dd571f9d908","1712","PHX","2016-10-17T14:55:00","PHL","10/17 22:22","4.27","4.30","4.27","","16.03","A320","N673","320","29","-800.00","5","2","FO",""
"420357","2016  ","OCTOBER 2016  ","10/17/2016 22616 PHX 320","282e70e3-b766-4083-8ee8-19a7d0c85374","701","PHL","2016-10-18T17:22:00","LAX","10/18 20:15","5.53","5.57","5.53","","12.00","A321","N171","321","77","6700.00","87","83","FO",""
"420357","2016  ","OCTOBER 2016  ","10/17/2016 22616 PHX 320","fe201421-fc77-43d4-a36f-7133943865bc","1705","LAX","2016-10-19T09:40:00","LAS","10/19 10:50","1.10","1.24","1.10","0.50","1038","A319","N827","319","92","300.00","-5","-19","FO",""
"420357","2016  ","OCTOBER 2016  ","10/17/2016 22616 PHX 320","01718f7d-058f-4d94-aeae-6866a336c2ef","1705","LAS","2016-10-19T11:40:00","LAX","10/19 13:05","1.25","1.25","1.25","2.18","1038","A319","N827","319","92","600.00","-9","-4","FO",""
"420357","2016  ","OCTOBER 2016  ","10/17/2016 22616 PHX 320","25bfb3c3-d4d3-4c79-9510-ed5168f0b0ad","726","LAX","2016-10-19T15:23:00","PIT","10/19 22:52","4.29","4.40","4.29","","17.18","A319","N827","319","92","600.00","-2","-13","FO",""
"420357","2016  ","OCTOBER 2016  ","10/17/2016 22616 PHX 320","b93fbc97-9817-45bd-ac9f-cb679935c2c4","528","PIT","2016-10-20T18:15:00","PHX","10/20 20:28","5.48","5.48","5.13","","","A319","N825","319","92","-300.00","35","75","FO","ATC35"
"420357","2016  ","OCTOBER 2016  ","10/22/2016 22616 PHX 320","a87c84d3-ffbe-4a71-8fad-762be9285c3d","1712","PHX","2016-10-22T14:47:00","PHL","10/22 22:09","4.22","4.30","4.22","","16.16","A320","N651","320","29","-700.00","-3","-11","FO",""
"420357","2016  ","OCTOBER 2016  ","10/22/2016 22616 PHX 320","a14607ca-b170-4fce-b9e2-32dcc5f70e26","701","PHL","2016-10-23T15:55:00","LAX","10/23 19:47","6.52","6.52","6.52","","12.28","A321","N982","321","77","1000.00","","55","FO",""
"420357","2016  ","OCTOBER 2016  ","10/22/2016 22616 PHX 320","0fabf3bc-ee8f-4de5-af61-9ea9a8c0d960","2450","LAX","2016-10-24T09:31:00","DFW","10/24 14:19","2.48","3.12","2.48","1.51","","A321","N881","321","76","1000.00","91","67","FO",""
"420357","2016  ","OCTOBER 2016  ","10/22/2016 22616 PHX 320","6c952d59-4b41-43c7-8500-fa62fe8c0470","524","DFW","2016-10-24T16:10:00","PHX","10/24 16:30","0.00","","0.00","","","A321","N521","321","AA","300.00","70","54","DH",""
"420357","2016  ","OCTOBER 2016  ","10/28/2016 23860 PHX 320","d73f8e02-a861-4040-817f-8939183ce314","473","PHX","2016-10-28T08:45:00","IAH","10/28 13:25","2.40","2.45","2.40","0.51","2201","A319","N754","319","92","400.00","-1","-6","FO",""
"420357","2016  ","OCTOBER 2016  ","10/28/2016 23860 PHX 320","3ec46e12-0424-490c-98d6-1eb18a9ed7aa","473","IAH","2016-10-28T14:16:00","DFW","10/28 15:28","1.12","1.17","1.12","1.21","2201","A319","N754","319","92","600.00","-4","-9","FO",""
"420357","2016  ","OCTOBER 2016  ","10/28/2016 23860 PHX 320","01033c89-eee5-4bcc-b3c6-22ba368b987c","420","DFW","2016-10-28T16:49:00","PDX","10/28 18:29","0.00","","0.00","","36.41","A321","N198","321","AA","-400.00","-1","-25","DH",""
"420357","2016  ","OCTOBER 2016  ","10/28/2016 23860 PHX 320","9f29756b-cfbb-4fc3-a3d7-81a02e090cc1","566","PDX","2016-10-30T08:34:00","PHX","10/30 11:11","2.37","2.37","2.37","","","A321","N151","321","77","1000.00","-6","-5","FO",""
"420357","2016  ","NOVEMBER 2016  ","11/3/2016 6245 PHX 320","22bca76b-a571-40aa-8694-d15017063b7c","401","PHX","2016-11-03T08:47:00","MZT","11/03 11:11","2.24","2.24","2.24","0.43","2094","A319","N769","319","92","200.00","-3","","FO",""
"420357","2016  ","NOVEMBER 2016  ","11/3/2016 6245 PHX 320","96f1c86e-b9db-4ff9-a173-c533a3b8b6c5","401","MZT","2016-11-03T11:54:00","PHX","11/03 14:08","2.14","2.14","2.14","1.00","2094","A319","N769","319","92","-300.00","-7","-7","FO",""
"420357","2016  ","NOVEMBER 2016  ","11/3/2016 6245 PHX 320","70c5684f-c5bd-479b-a8cb-b6172d250356","490","PHX","2016-11-03T15:08:00","OMA","11/03 19:35","0.00","","0.00","","34.54","A319","N769","319","AA","100.00","-7","-13","DH",""
"420357","2016  ","NOVEMBER 2016  ","11/3/2016 6245 PHX 320","15d2313f-0a9f-4589-a70d-7e4d9a02951c","493","OMA","2016-11-05T07:55:00","PHX","11/05 09:08","3.13","3.13","3.13","","","A319","N828","319","92","-1200.00","-4","8","FO",""
"420357","2016  ","NOVEMBER 2016  ","11/6/2016 6444 PHX 320","d78b6dd4-c279-437d-8a25-09ae5eb07a17","1907","PHX","2016-11-06T11:30:00","PVR","11/06 15:07","2.37","2.37","2.37","0.42","1852","A319","N819","319","92","-200.00","15","16","FO",""
"420357","2016  ","NOVEMBER 2016  ","11/6/2016 6444 PHX 320","499403cb-bd3a-4535-a472-1241a5e11f14","573","PVR","2016-11-06T15:49:00","PHX","11/06 17:33","2.44","2.44","2.44","2.21","1852","A319","N819","319","92","300.00","-1","7","FO",""
"420357","2016  ","NOVEMBER 2016  ","11/6/2016 6444 PHX 320","852d10e5-e6f7-4a71-bdac-67a099a2fcf6","490","PHX","2016-11-06T19:54:00","OMA","11/06 23:37","2.43","2.43","2.43","","30.52","A319","N755","319","92","-100.00","-3","8","FO",""
"420357","2016  ","NOVEMBER 2016  ","11/6/2016 6444 PHX 320","3620cb8e-de37-449a-b49b-bb9f16196741","493","OMA","2016-11-08T07:54:00","PHX","11/08 09:41","2.47","3.01","2.47","","","A319","N834","319","92","-400.00","-5","-19","FO",""
"420357","2016  ","NOVEMBER 2016  ","11/19/2016 6072 PHX 320","66296095-b254-490a-abbf-feed2fa24bb8","401","PHX","2016-11-19T09:45:00","MZT","11/19 12:00","2.15","2.16","2.15","0.58","2039","A320","N665","320","29","-900.00","-5","-6","FO",""
"420357","2016  ","NOVEMBER 2016  ","11/19/2016 6072 PHX 320","0c3ce6fd-b2dd-4769-b8a1-261796165ddc","401","MZT","2016-11-19T12:58:00","PHX","11/19 15:12","2.14","2.14","2.14","2.27","2039","A320","N665","320","29","-1200.00","-3","-3","FO",""
"420357","2016  ","NOVEMBER 2016  ","11/19/2016 6072 PHX 320","d7c024c2-a6fd-4a32-b3bb-c66fa00926f3","621","PHX","2016-11-19T17:39:00","OAK","11/19 18:31","1.52","1.57","1.52","","33.59","A319","N826","319","92","500.00","-5","-10","FO",""
"420357","2016  ","NOVEMBER 2016  ","11/19/2016 6072 PHX 320","070f7705-33d9-4b88-a10e-8994fb6cf7b8","467","OAK","2016-11-21T05:53:00","PHX","11/21 08:37","1.44","1.57","1.44","","","A319","N831","319","92","-500.00","-7","-20","FO",""
"420357","2016  ","NOVEMBER 2016  ","11/23/2016 7217 PHX 320","2feed5f5-0c90-4097-a745-dbf415f23c67","528","PHX","2016-11-23T21:02:00","RNO","11/23 21:45","1.43","1.54","1.43","","37.25","A319","N748","319","92","200.00","-3","-14","FO",""
"420357","2016  ","NOVEMBER 2016  ","11/23/2016 7217 PHX 320","83440c9c-f098-4758-83ec-9e705cad8ea8","574","RNO","2016-11-25T12:31:00","PHX","11/25 15:11","1.40","1.40","1.40","","","A320","N664","320","29","-200.00","-9","-7","FO",""
"420357","2016  ","NOVEMBER 2016  ","11/26/2016 6078 PHX 320","092a60cf-d76a-4bea-a175-7a6ad70ff31d","447","PHX","2016-11-26T13:24:00","MZT","11/26 15:25","2.01","2.06","2.01","0.57","1877","A319","N833","319","92","300.00","-1","-6","FO",""
"420357","2016  ","NOVEMBER 2016  ","11/26/2016 6078 PHX 320","8e0f55e6-f6a5-4348-9362-3a6fd264f27d","803","MZT","2016-11-26T16:22:00","PHX","11/26 18:27","2.05","2.12","2.05","1.18","1877","A319","N833","319","92","100.00","-8","-15","FO",""
"420357","2016  ","NOVEMBER 2016  ","11/26/2016 6078 PHX 320","ee248dd5-7b2b-465f-9442-a2ccd6bb711f","509","PHX","2016-11-26T19:45:00","DSM","11/26 23:08","2.23","2.39","2.23","","31.17","A319","N833","319","92","300.00","-4","-20","FO",""
"420357","2016  ","NOVEMBER 2016  ","11/26/2016 6078 PHX 320","4302cf49-ebb2-4048-b7fc-9e4b3388daa6","586","DSM","2016-11-28T07:54:00","PHX","11/28 10:08","3.14","3.23","3.14","","","A319","N820","319","92","1300.00","-1","-10","FO",""
"420357","2016  ","DECEMBER 2016  ","12/3/2016 20888 PHX 320","b7147e15-df77-4970-bda5-51b4cc225165","646","PHX","2016-12-03T10:21:00","BOS","12/03 16:58","4.37","4.46","4.37","0.47","774","A321","N184","321","77","1100.00","36","27","FO",""
"420357","2016  ","DECEMBER 2016  ","12/3/2016 20888 PHX 320","7dd17987-739c-4946-aae1-56fa4b29285e","1933","BOS","2016-12-03T17:45:00","PHL","12/03 19:06","1.21","1.43","1.21","","12.54","A321","N184","321","77","700.00","","-22","FO",""
"420357","2016  ","DECEMBER 2016  ","12/3/2016 20888 PHX 320","2ad9c44e-58a2-4b4a-af21-bf03992c887a","597","PHL","2016-12-04T09:39:00","LAX","12/04 12:36","5.57","6.16","5.57","","18.14","A321","N556","321","77","300.00","9","-10","FO",""
"420357","2016  ","DECEMBER 2016  ","12/3/2016 20888 PHX 320","66c7fba9-0c23-4771-920b-dfb98bb0281a","706","LAX","2016-12-05T08:18:00","IND","12/05 15:21","4.03","4.07","4.03","","15.09","A319","N829","319","92","-500.00","-2","-6","FO",""
"420357","2016  ","DECEMBER 2016  ","12/3/2016 20888 PHX 320","6ba20bfa-e984-4a78-8451-924898d4658e","404","IND","2016-12-06T08:01:00","PHX","12/06 10:11","4.10","4.10","4.10","","","A319","N836","319","92","-200.00","1","3","FO",""
"420357","2016  ","DECEMBER 2016  ","12/8/2016 20678 PHX 320","c3d5c74f-969b-4947-9061-15c25a27fea6","483","PHX","2016-12-08T13:18:00","STL","12/08 17:07","2.49","2.49","2.49","0.46","770","A319","N835","319","92","-200.00","-7","-5","FO",""
"420357","2016  ","DECEMBER 2016  ","12/8/2016 20678 PHX 320","7cdbdc30-c178-4c75-b8d2-26122166c6f6","453","STL","2016-12-08T17:53:00","PHX","12/08 20:17","3.24","3.31","3.24","0.56","770","A319","N835","319","92","300.00","-2","-9","FO",""
"420357","2016  ","DECEMBER 2016  ","12/8/2016 20678 PHX 320","3872ee0b-d0af-41dd-896f-f9ce33d76105","627","PHX","2016-12-08T21:13:00","OAK","12/08 22:10","1.57","2.02","1.57","","12.50","A319","N835","319","92","1000.00","-6","-11","FO",""
"420357","2016  ","DECEMBER 2016  ","12/8/2016 20678 PHX 320","636c8e8e-585b-4eed-97d9-b04ffd593860","835","OAK","2016-12-09T12:28:00","PHX","12/09 15:23","1.55","1.55","1.55","1.16","1006","A319","N742","319","92","0.00","-2","4","FO",""
"420357","2016  ","DECEMBER 2016  ","12/8/2016 20678 PHX 320","7ef7cfe2-ef43-4823-805b-85a96d299926","835","PHX","2016-12-09T16:39:00","DSM","12/09 20:19","2.40","2.40","2.40","","16.46","A319","N758","319","92","400.00","19","21","FO",""
"420357","2016  ","DECEMBER 2016  ","12/8/2016 20678 PHX 320","3f449dfa-0438-4e71-9c8f-8c700d70bc09","449","DSM","2016-12-10T14:25:00","PHX","12/10 16:34","3.09","3.14","3.09","","","A319","N821","319","92","-100.00","-10","-15","FO",""
"420357","2016  ","DECEMBER 2016  ","12/13/2016 21364 PHX 320","8f886405-572d-4fce-b581-46e5f8666494","545","PHX","2016-12-13T19:50:00","DFW","12/13 22:57","2.07","2.22","2.07","","12.38","A321","N539","321","77","0.00","-9","-24","FO",""
"420357","2016  ","DECEMBER 2016  ","12/13/2016 21364 PHX 320","23687d91-e13b-48e0-86ff-8a4594b2ec6c","2480","DFW","2016-12-14T13:11:00","LAX","12/14 14:28","3.17","3.35","3.17","1.53","957","","N860","","75","200.00","6","-12","FO",""
"420357","2016  ","DECEMBER 2016  ","12/13/2016 21364 PHX 320","e23f25e6-c15e-42be-9129-be6f6e17bf6a","1667","LAX","2016-12-14T16:21:00","PIT","12/14 23:58","4.37","4.37","4.37","","15.57","A319","N818","319","92","500.00","-7","","FO",""
"420357","2016  ","DECEMBER 2016  ","12/13/2016 21364 PHX 320","8086fa4c-5d99-4c19-a106-1c753876be65","627","PIT","2016-12-15T17:24:00","PHX","12/15 20:03","4.39","4.46","4.39","","","A319","N824","319","92","300.00","-1","-8","FO",""
"420357","2016  ","DECEMBER 2016  ","12/17/2016 21587 PHX 320","397670e4-b454-49cf-b2d9-2b4b20bee78b","669","PHX","2016-12-17T12:10:00","PHL","12/17 18:06","3.56","4.16","3.56","2.39","973","A321","N975","321","77","-200.00","-5","-25","FO",""
"420357","2016  ","DECEMBER 2016  ","12/17/2016 21587 PHX 320","3a179d72-8a4f-4793-8dda-93ace8203ad0","1695","PHL","2016-12-17T20:45:00","PBI","12/17 23:37","2.52","2.52","2.52","","16.13","A319","N708","319","67","600.00","10","19","FO",""
"420357","2016  ","DECEMBER 2016  ","12/17/2016 21587 PHX 320","a6a185a1-a28b-4088-82c2-eb7765ec4abf","1920","PBI","2016-12-18T18:21:00","CLT","12/18 20:03","1.42","1.55","1.42","0.47","1054","A320","N105","320","73","200.00","61","48","FO",""
"420357","2016  ","DECEMBER 2016  ","12/17/2016 21587 PHX 320","cb2d51b2-c238-4323-aae5-7bc79a040bf0","1920","CLT","2016-12-18T20:50:00","BWI","12/18 22:01","1.11","1.25","1.11","","17.34","A320","N109","320","73","200.00","45","31","FO",""
"420357","2016  ","DECEMBER 2016  ","12/17/2016 21587 PHX 320","06ddb723-9db2-499f-a7ce-0ea33145e0c8","603","BWI","2016-12-19T17:08:00","PHX","12/19 20:42","5.34","5.34","5.34","","","A319","N758","319","92","200.00","3","28","FO",""
"420357","2016  ","DECEMBER 2016  ","12/21/2016 20639 PHX 320","2aac5d99-8a2a-4eeb-9cf5-417f0705b5ba","532","PHX","2016-12-21T09:35:00","SJD","12/21 11:44","2.09","2.09","2.09","0.52","1174","A321","N156","321","77","-200.00","-3","-1","FO",""
"420357","2016  ","DECEMBER 2016  ","12/21/2016 20639 PHX 320","e39a2641-5308-4b52-8e4d-9fb67e8fc675","533","SJD","2016-12-21T12:36:00","PHX","12/21 14:37","2.01","2.05","2.01","1.27","1174","A321","N156","321","77","100.00","-9","-13","FO",""
"420357","2016  ","DECEMBER 2016  ","12/21/2016 20639 PHX 320","7168c1e5-db50-4514-a68d-778b3469841c","548","PHX","2016-12-21T16:04:00","MKE","12/21 20:01","2.57","3.16","2.57","","19.34","A319","N827","319","92","-400.00","-6","-25","FO",""
"420357","2016  ","DECEMBER 2016  ","12/21/2016 20639 PHX 320","6bb8cd57-5b5e-4477-8f93-90ed7985246e","640","MKE","2016-12-22T22:12:00","PHX","12/23 01:25","4.13","4.13","4.13","","","A319","N830","319","92","1000.00","307","326","FO",""
"420357","2017  ","JANUARY 2017  ","1/7/2017 5403 PHX 320","a2522ac0-d08b-4a7d-98fe-51e8791a5885","1794","PHX","2017-01-07T09:37:00","CLT","01/07 15:36","3.59","3.59","3.59","2.43","1198","A321","N161","321","77","-100.00","-2","5","FO",""
"420357","2017  ","JANUARY 2017  ","1/7/2017 5403 PHX 320","614057b7-5000-4cea-a1eb-0831f5e70bb3","1871","CLT","2017-01-07T18:19:00","TPA","01/07 19:57","1.38","1.41","1.38","","19.58","A320","N665","320","29","300.00","24","21","FO",""
"420357","2017  ","JANUARY 2017  ","1/7/2017 5403 PHX 320","f4fe7a0a-755a-4eeb-ab13-1766eade1b51","556","TPA","2017-01-08T19:33:00","PHX","01/08 21:54","4.21","4.44","4.21","","","A320","N660","320","29","-3200.00","128","105","FO",""
"420357","2017  ","JANUARY 2017  ","1/11/2017 5014 PHX 320","340ee3e8-6fbd-42a3-9a5d-ca1e8fd01cf4","1856","PHX","2017-01-11T08:34:00","PHL","01/11 14:43","4.09","4.28","4.09","2.43","1203","A321","N926","321","77","300.00","9","-10","FO",""
"420357","2017  ","JANUARY 2017  ","1/11/2017 5014 PHX 320","a9428203-85df-4056-95e9-20dc2e18feb3","834","PHL","2017-01-11T17:26:00","TPA","01/11 19:52","2.26","2.43","2.26","","20.03","A320","N112","320","73","400.00","-9","-26","FO",""
"420357","2017  ","JANUARY 2017  ","1/11/2017 5014 PHX 320","a9cba173-97c7-44bc-9276-ff532ad81c31","1810","TPA","2017-01-12T17:23:00","PHX","01/12 19:45","4.22","4.41","4.22","","","A320","N673","320","29","300.00","-2","-21","FO",""
"420357","2017  ","JANUARY 2017  ","1/14/2017 5647 PHX 320","cc05ae17-117d-4fce-a0dc-b66600dfaf35","493","PHX","2017-01-14T10:55:00","OAK","01/14 11:39","1.44","2.06","1.44","0.58","786","A319","N755","319","92","600.00","-4","-26","FO",""
"420357","2017  ","JANUARY 2017  ","1/14/2017 5647 PHX 320","80bd4622-a1ff-4fb4-9546-654e57a0c192","634","OAK","2017-01-14T12:37:00","PHX","01/14 15:27","1.50","1.51","1.50","2.38","786","A319","N755","319","92","200.00","-8","-9","FO",""
"420357","2017  ","JANUARY 2017  ","1/14/2017 5647 PHX 320","af2b6f47-81e2-42c4-839f-45e687b2dae2","462","PHX","2017-01-14T18:05:00","SAN","01/14 18:11","1.06","1.12","1.06","","13.06","A321","N563","321","77","200.00","-4","-10","FO",""
"420357","2017  ","JANUARY 2017  ","1/14/2017 5647 PHX 320","fc343187-0159-4e77-b836-40eb6ff4e4c6","1763","SAN","2017-01-15T11:24:00","DFW","01/15 16:29","3.05","3.05","3.05","1.14","651","A321","N181","321","77","900.00","157","164","FO",""
"420357","2017  ","JANUARY 2017  ","1/14/2017 5647 PHX 320","b6f5e3cc-d233-483f-9cfd-43813276f1f6","2589","DFW","2017-01-15T17:43:00","AUS","01/15 18:54","0.00","","0.00","","10.51","A321","N987","321","AA","400.00","-2","11","DH",""
"420357","2017  ","JANUARY 2017  ","1/14/2017 5647 PHX 320","482f0337-d87b-48ba-8906-96f57c4dbec0","2649","AUS","2017-01-16T11:23:00","LAX","01/16 12:30","3.07","3.35","3.07","0.55","","A319","N014","319","91","1100.00","248","220","FO",""
"420357","2017  ","JANUARY 2017  ","1/14/2017 5647 PHX 320","aa82338f-0ee8-4135-be76-7e62d825295e","561","LAX","2017-01-16T13:25:00","PHX","01/16 15:45","1.20","1.32","1.20","","","A321","N179","321","77","200.00","37","25","FO",""
"420357","2017  ","JANUARY 2017  ","1/19/2017 5742 PHX 320","4919e174-b368-48c9-8a94-5c5b5697bcc7","403","PHX","2017-01-19T08:31:00","SFO","01/19 09:46","2.15","2.15","2.15","1.37","753","A320","N663","320","29","-1700.00","-4","4","FO",""
"420357","2017  ","JANUARY 2017  ","1/19/2017 5742 PHX 320","556a29e1-7352-4cee-9d01-7304579afcdf","12","SFO","2017-01-19T11:23:00","JFK","01/19 19:57","5.34","5.39","5.34","","12.33","A321","N795","321","80","0.00","-7","-12","FO",""
"420357","2017  ","JANUARY 2017  ","1/19/2017 5742 PHX 320","b0fc83a2-aced-4ab7-a1ff-753d51c6b794","255","JFK","2017-01-20T09:56:00","LAX","01/20 13:07","6.11","6.40","6.11","","17.18","A321","N798","321","80","3600.00","-4","-33","FO",""
"420357","2017  ","JANUARY 2017  ","1/19/2017 5742 PHX 320","1ab49039-ba0f-409a-9e91-2289e4eb6118","362","LAX","2017-01-21T08:02:00","ORD","01/21 14:04","4.02","4.15","4.02","1.14","","A321","N899","321","76","700.00","7","-6","FO",""
"420357","2017  ","JANUARY 2017  ","1/19/2017 5742 PHX 320","774e3e20-fb6d-48a3-86fc-3d099fb8f8bf","853","ORD","2017-01-21T15:18:00","PHX","01/21 17:51","3.33","3.49","3.33","","","A321","N973","321","77","500.00","-6","-22","FO",""
"420357","2017  ","JANUARY 2017  ","1/22/2017 5801 PHX 320","e49c65b6-f4ba-4586-a885-8e9a4acc8ffd","429","PHX","2017-01-22T16:39:00","ORD","01/22 20:51","3.12","3.28","3.12","","15.09","A321","N173","321","77","600.00","8","-8","FO",""
"420357","2017  ","JANUARY 2017  ","1/22/2017 5801 PHX 320","1f41ef53-88aa-453e-a1b8-6a2cf43fe1b0","1358","ORD","2017-01-23T15:04:00","LAX","01/23 18:01","0.00","","0.00","1.05","806","A321","N897","321","AA","1200.00","-1","18","DH",""
"420357","2017  ","JANUARY 2017  ","1/22/2017 5801 PHX 320","469bbddc-c533-49f3-ae92-468b9c977295","501","LAX","2017-01-23T19:06:00","OMA","01/23 23:59","2.53","3.18","2.53","","13.26","A319","N840","319","92","2300.00","26","1","FO",""
"420357","2017  ","JANUARY 2017  ","1/22/2017 5801 PHX 320","395ca539-5429-4a55-8323-01976a0a0ac3","526","OMA","2017-01-24T15:26:00","PHX","01/24 17:14","3.10","3.10","2.48","","","A319","N818","319","92","800.00","31","28","FO","ATC22"
"420357","2017  ","JANUARY 2017  ","1/28/2017 5909 PHX 320","2163f857-430a-467c-b9a4-2c084a192243","549","PHX","2017-01-28T07:37:00","DFW","01/28 11:04","2.27","2.27","2.27","1.50","1152","A321","N917","321","77","-200.00","-8","-2","FO",""
"420357","2017  ","JANUARY 2017  ","1/28/2017 5909 PHX 320","ac6ab1b2-8fc8-47c5-b395-a8038ca57b08","349","DFW","2017-01-28T12:54:00","SFO","01/28 14:28","3.34","3.53","3.34","","19.12","","N864","","75","-800.00","-6","-25","FO",""
"420357","2017  ","JANUARY 2017  ","1/28/2017 5909 PHX 320","1d624db1-f217-4779-ac95-4992ef14633b","1145","SFO","2017-01-29T11:11:00","ORD","01/29 17:37","4.26","4.26","4.26","1.17","","A321","N882","321","76","-1200.00","1","4","FO",""
"420357","2017  ","JANUARY 2017  ","1/28/2017 5909 PHX 320","02c630c4-b68a-4ce5-9a81-d4e4002e9353","1644","ORD","2017-01-29T18:54:00","PHX","01/29 22:02","4.09","4.09","4.08","","","A321","N183","321","77","0.00","-1","16","FO","DEI1"
"420357","2017  ","FEBRUARY 2017  ","2/4/2017 21082 PHX 320","509bca78-3913-4c4f-84dc-e8a2d3f9e79b","473","PHX","2017-02-04T09:43:00","IAH","02/04 13:05","2.22","2.36","2.22","2.38","2050","A319","N820","319","92","100.00","-3","-17","FO",""
"420357","2017  ","FEBRUARY 2017  ","2/4/2017 21082 PHX 320","859b0a12-083d-442e-9b16-6ff8d9c59e8b","744","IAH","2017-02-04T15:43:00","CLT","02/04 19:01","2.18","2.27","2.18","0.56","2050","A319","N821","319","92","-500.00","-5","-14","FO",""
"420357","2017  ","FEBRUARY 2017  ","2/4/2017 21082 PHX 320","36302737-4f38-404f-b56d-64b8f56ef993","1679","CLT","2017-02-04T19:57:00","MDT","02/04 21:20","1.23","1.33","1.23","","34.10","A319","N821","319","92","300.00","-3","-13","FO",""
"420357","2017  ","FEBRUARY 2017  ","2/4/2017 21082 PHX 320","7e0bcb39-11ec-449b-b6e5-d8df467ec159","1736","MDT","2017-02-06T08:53:00","CLT","02/06 10:33","1.40","1.48","1.40","2.25","","A319","N805","319","92","1000.00","-7","-15","FO",""
"420357","2017  ","FEBRUARY 2017  ","2/4/2017 21082 PHX 320","2a11ba26-180b-4e03-a049-2ac0262a1e66","628","CLT","2017-02-06T12:58:00","PHX","02/06 15:25","4.27","4.35","4.27","","","A321","N556","321","77","100.00","-2","-10","FO",""
"420357","2017  ","FEBRUARY 2017  ","2/10/2017 21516 PHX 320","21e1f77d-da2c-4434-b995-e0aebb4ad7cb","1856","PHX","2017-02-10T08:23:00","PHL","02/10 14:41","4.18","4.28","4.18","3.14","1411","A321","N975","321","77","100.00","-2","-12","FO",""
"420357","2017  ","FEBRUARY 2017  ","2/10/2017 21516 PHX 320","d7c1ddb2-6d58-4688-bc76-8d420e6261a8","2047","PHL","2017-02-10T17:55:00","MIA","02/10 20:44","2.49","3.07","2.49","","23.31","A321","N576","321","77","-600.00","15","-3","FO",""
"420357","2017  ","FEBRUARY 2017  ","2/10/2017 21516 PHX 320","01359ae2-d5a7-4c1d-8afc-24cb443ca19b","1828","MIA","2017-02-11T21:45:00","CLT","02/11 23:51","2.06","2.11","2.06","0.00","984","A319","N840","319","92","-300.00","","-5","FO",""
"420357","2017  ","FEBRUARY 2017  ","2/10/2017 21516 PHX 320","7ab3c837-84bf-4385-a88b-5b07ebbe1854","1908","CLT","2017-02-12T17:50:00","ORD","02/12 19:04","2.14","2.14","2.14","1.14","","A321","N919","321","77","2100.00","-5","-3","FO",""
"420357","2017  ","FEBRUARY 2017  ","2/10/2017 21516 PHX 320","92b877aa-d4f9-4335-b0c0-c0192db68b57","1908","ORD","2017-02-12T20:18:00","PHX","02/12 22:50","3.32","3.51","3.32","","","A321","N919","321","77","200.00","-2","-21","FO",""
"420357","2017  ","FEBRUARY 2017  ","2/19/2017 21750 PHX 320","f8371e60-91ee-47d2-bf41-bc7941116c1d","560","PHX","2017-02-19T11:40:00","DFW","02/19 15:10","2.30","2.30","2.30","4.09","759","A321","N540","321","77","1900.00","-5","-3","FO",""
"420357","2017  ","FEBRUARY 2017  ","2/19/2017 21750 PHX 320","eaf087eb-e515-43e1-b5a5-a4c2527840c1","1220","DFW","2017-02-19T19:19:00","SEA","02/19 22:07","4.51","4.51","4.48","","12.39","A321","N882","321","76","-1000.00","119","142","FO","RCD3"
"420357","2017  ","FEBRUARY 2017  ","2/19/2017 21750 PHX 320","21c90648-f472-4754-ad81-002c313ad2a2","1402","SEA","2017-02-20T12:22:00","DFW","02/20 18:01","3.39","3.49","3.39","2.42","931","A321","N899","321","76","400.00","6","-4","FO",""
"420357","2017  ","FEBRUARY 2017  ","2/19/2017 21750 PHX 320","5f633eff-bf72-470e-a786-c31c00c6f6c8","1125","DFW","2017-02-20T20:43:00","MCO","02/21 00:24","2.41","2.41","2.41","","15.31","A321","N868","321","76","200.00","23","34","FO",""
"420357","2017  ","FEBRUARY 2017  ","2/19/2017 21750 PHX 320","5149277a-0431-484d-8d7e-eb22811d6e02","516","MCO","2017-02-21T17:18:00","PHX","02/21 19:54","4.36","4.54","4.36","","","A321","N184","321","77","-100.00","-7","-25","FO",""
"420357","2017  ","FEBRUARY 2017  ","2/24/2017 21054 PHX 320","31c9d045-4de3-4ded-a219-f2212e3e5b7a","424","PHX","2017-02-24T16:27:00","DTW","02/24 21:52","3.25","3.46","3.25","","11.38","A320","N680","320","29","-700.00","-5","-26","FO",""
"420357","2017  ","FEBRUARY 2017  ","2/24/2017 21054 PHX 320","e709be39-ee38-43bd-9864-da1fbd60f5a9","413","DTW","2017-02-25T11:03:00","PHX","02/25 13:37","4.34","4.34","4.34","2.25","1108","A320","N680","320","29","0.00","3","8","FO",""
"420357","2017  ","FEBRUARY 2017  ","2/24/2017 21054 PHX 320","a72c1255-3729-4f4d-babb-fb43daf8ff5c","574","PHX","2017-02-25T16:02:00","TPA","02/25 21:27","3.25","3.46","3.25","","18.28","A320","N679","320","29","400.00","-8","-29","FO",""
"420357","2017  ","FEBRUARY 2017  ","2/24/2017 21054 PHX 320","f87ff268-318b-4af3-9648-816bcfeca4b5","1805","TPA","2017-02-26T17:21:00","PHX","02/26 20:07","4.46","4.46","4.46","","","A320","N672","320","29","0.00","-4","1","FO",""
"420357","2017  ","MARCH 2017  ","3/5/2017 6122 PHX 320","1144153e-daa4-4899-9bb7-296ccd14a749","521","PHX","2017-03-05T18:11:00","SEA","03/05 20:04","2.55","3.09","2.53","","12.11","A321","N979","321","77","-400.00","-4","-20","FO","RCD2"
"420357","2017  ","MARCH 2017  ","3/5/2017 6122 PHX 320","77a16463-5eab-4b81-aa2d-e104910f0040","1623","SEA","2017-03-06T09:48:00","DFW","03/06 15:27","3.46","3.49","3.39","2.07","702","A321","N889","321","76","200.00","3","-7","FO","RCD7"
"420357","2017  ","MARCH 2017  ","3/5/2017 6122 PHX 320","c7bee815-b39d-442f-b592-088887bbffe3","420","DFW","2017-03-06T17:34:00","PHL","03/06 21:23","2.53","3.10","2.49","","11.42","A321","N926","321","77","700.00","39","18","FO","RCD4"
"420357","2017  ","MARCH 2017  ","3/5/2017 6122 PHX 320","e10d8518-b3fa-423e-826e-7c79d48724f4","1826","PHL","2017-03-07T10:35:00","PHX","03/07 13:50","5.18","5.26","5.15","","","A321","N154","321","77","100.00","","-11","FO","RCD3"
"420357","2017  ","MARCH 2017  ","3/11/2017 6356 PHX 320","45edf5e1-4c41-42fa-8f3a-470bf4a336f9","1774","PHX","2017-03-11T22:43:00","EWR","03/12 06:24","4.41","4.41","4.41","","11.01","A320","N673","320","29","-800.00","-7","-3","FO",""
"420357","2017  ","MARCH 2017  ","3/11/2017 6356 PHX 320","72ee1210-9596-444a-9006-0fb936ba2c2f","1987","EWR","2017-03-12T20:03:00","CLT","03/12 22:00","1.57","2.05","1.57","0.40","846","A319","N840","319","92","200.00","68","60","FO",""
"420357","2017  ","MARCH 2017  ","3/11/2017 6356 PHX 320","fbe0acfe-b2e1-41af-9632-1525fd074aad","623","CLT","2017-03-12T22:40:00","ORD","03/12 23:48","2.08","2.08","2.08","","14.06","A321","N507","321","77","-100.00","-3","","FO",""
"420357","2017  ","MARCH 2017  ","3/11/2017 6356 PHX 320","7b9ee6aa-af16-4e2e-b1a8-35e155c90fc6","853","ORD","2017-03-13T15:44:00","PHX","03/13 17:12","3.28","3.49","3.28","1.33","838","A321","N561","321","77","900.00","20","-1","FO",""
"420357","2017  ","MARCH 2017  ","3/11/2017 6356 PHX 320","07f6e320-069c-4b9f-ae83-3251bc0af9f8","490","PHX","2017-03-13T18:45:00","OMA","03/13 23:27","2.42","2.42","2.42","","13.58","A319","N806","319","92","100.00","-4","2","FO",""
"420357","2017  ","MARCH 2017  ","3/11/2017 6356 PHX 320","26bf5cee-8ee1-438e-9e68-6e440682f1b2","526","OMA","2017-03-14T14:50:00","PHX","03/14 15:22","2.32","2.51","2.32","1.50","","A320","N663","320","29","-800.00","-5","-24","FO",""
"420357","2017  ","MARCH 2017  ","3/11/2017 6356 PHX 320","62d7374e-a354-4093-b1af-35a0ebeeaee0","644","PHX","2017-03-14T17:12:00","ONT","03/14 18:16","1.04","1.15","1.04","1.10","","A319","N823","319","92","100.00","-1","-12","FO",""
"420357","2017  ","MARCH 2017  ","3/11/2017 6356 PHX 320","23bce4f3-fd82-4f9c-8b1d-cfb185805322","459","ONT","2017-03-14T19:26:00","PHX","03/14 21:03","1.37","1.37","1.37","","","A319","N823","319","92","-200.00","-9","14","FO",""
"420357","2017  ","MARCH 2017  ","3/17/2017 5831 PHX 320","fd3dcd8d-5ea1-47b5-b440-e21da94891b2","1650","PHX","2017-03-17T08:53:00","PHX","03/17 09:10","0.17","","0.17","0.05","1042","A320","N668","320","29","","3","","FO",""
"420357","2017  ","MARCH 2017  ","3/17/2017 5831 PHX 320","8bc1be8a-337b-4a1b-b784-6d9af4447417","1650","PHX","2017-03-17T09:15:00","ATL","03/17 16:05","3.50","4.07","3.50","3.01","1042","A320","N668","320","29","-100.00","25","38","FO",""
"420357","2017  ","MARCH 2017  ","3/17/2017 5831 PHX 320","d5525cc4-49db-42a1-b44e-7f464d4d32b1","1711","ATL","2017-03-17T19:06:00","CLT","03/17 20:12","1.06","1.20","1.06","0.54","1042","A319","N732","319","67","600.00","107","93","FO",""
"420357","2017  ","MARCH 2017  ","3/17/2017 5831 PHX 320","77f40a06-6d47-4c3a-8ebe-51defbed08e2","1866","CLT","2017-03-17T21:06:00","MSY","03/17 22:01","1.55","2.00","1.55","","17.22","A319","N750","319","92","100.00","10","5","FO",""
"420357","2017  ","MARCH 2017  ","3/17/2017 5831 PHX 320","3661b6ee-874b-4a49-9a00-ee60ddd07f33","2006","MSY","2017-03-18T16:49:00","CLT","03/18 19:33","1.44","1.52","1.44","1.29","","A319","N717","319","67","600.00","-4","-12","FO",""
"420357","2017  ","MARCH 2017  ","3/17/2017 5831 PHX 320","11f9e591-18c2-46a6-85a0-4d36397c5b30","635","CLT","2017-03-18T21:02:00","PHX","03/18 22:16","0.00","","0.00","","","A330","N271","330","AA","-200.00","37","17","DH",""
"420357","2017  ","MARCH 2017  ","3/19/2017 5881 PHX 320","15858b54-8d40-47be-a956-8c4637e5136d","500","PHX","2017-03-19T15:46:00","IND","03/19 22:04","3.18","3.20","3.18","","16.06","A319","N829","319","92","-100.00","14","12","FO",""
"420357","2017  ","MARCH 2017  ","3/19/2017 5881 PHX 320","59cb2519-4b37-40a1-be1d-6aa616a27877","460","IND","2017-03-20T15:49:00","LAX","03/20 17:12","4.23","4.54","4.23","1.22","855","A319","N824","319","92","600.00","9","-22","FO",""
"420357","2017  ","MARCH 2017  ","3/19/2017 5881 PHX 320","f212b2f1-9e4b-429e-9020-46c81dfacdbf","501","LAX","2017-03-20T18:34:00","OMA","03/20 23:35","3.01","3.18","3.01","","14.15","A319","N824","319","92","-100.00","-6","-23","FO",""
"420357","2017  ","MARCH 2017  ","3/19/2017 5881 PHX 320","ae2f8545-11e3-4d11-b7ae-77d5798490bc","1286","OMA","2017-03-21T14:49:00","DFW","03/21 16:45","0.00","","0.00","3.36","","MD80","N4YR","S80","AA","-500.00","-1","","DH",""
"420357","2017  ","MARCH 2017  ","3/19/2017 5881 PHX 320","2bc70d27-53c4-4572-ba12-6113edd31807","550","DFW","2017-03-21T20:21:00","PHX","03/21 20:47","2.26","2.45","2.26","","","A321","N150","321","77","400.00","95","76","FO",""
"420357","2017  ","MARCH 2017  ","3/30/2017 6693 PHX 320","3baceea9-a870-42a9-a819-950b6eb71eaa","710","PHX","2017-03-30T10:57:00","ORD","03/30 16:32","4.01","4.01","3.35","2.14","1162","A321","N583","321","77","700.00","22","17","FO","ATC26"
"420357","2017  ","MARCH 2017  ","3/30/2017 6693 PHX 320","05548b48-c578-469e-a34f-91fce1b24bef","55","ORD","2017-03-30T18:46:00","MCO","03/30 22:52","3.06","3.06","3.06","","19.22","A321","N929","321","76","800.00","-4","22","FO",""
"420357","2017  ","MARCH 2017  ","3/30/2017 6693 PHX 320","168ed5c5-7e81-40d0-9bf1-60b75b6989b6","1812","MCO","2017-03-31T19:14:00","CLT","03/31 20:47","0.00","","0.00","1.22","842","A321","N563","321","AA","200.00","","-16","DH",""
"420357","2017  ","MARCH 2017  ","3/30/2017 6693 PHX 320","52b93dbf-ba58-4273-9041-a7c6daf659f5","890","CLT","2017-03-31T22:09:00","DFW","03/31 23:43","2.34","2.49","2.34","","14.02","A321","N538","321","77","700.00","-1","-16","FO",""
"420357","2017  ","MARCH 2017  ","3/30/2017 6693 PHX 320","e306d407-25db-4a96-9a0e-21358fa6c339","686","DFW","2017-04-01T15:25:00","PHX","04/01 15:41","2.16","2.38","2.16","","","A321","N545","321","77","400.00","10","-12","FO",""
"420357","2017  ","APRIL 2017  ","4/2/2017 21103 PHX 320","c8a64fd9-8abc-46a4-a29f-b68b8f67a2a3","1744","PHX","2017-04-02T18:53:00","MSP","04/03 00:02","3.09","3.09","3.09","","14.58","A321","N975","321","77","600.00","3","5","FO",""
"420357","2017  ","APRIL 2017  ","4/2/2017 21103 PHX 320","2df82a58-7cdc-4863-b9c8-91b3bf73dabf","604","MSP","2017-04-03T16:26:00","LAX","04/03 18:15","3.49","4.17","3.49","","13.50","A319","N827","319","92","900.00","-4","-32","FO",""
"420357","2017  ","APRIL 2017  ","4/2/2017 21103 PHX 320","27fc8b36-e12b-4659-a1fa-4c2f57e5e0a4","110","LAX","2017-04-04T10:02:00","ORD","04/04 16:10","4.08","4.27","4.08","1.09","","A321","N872","321","76","300.00","27","8","FO",""
"420357","2017  ","APRIL 2017  ","4/2/2017 21103 PHX 320","98019542-b553-47d6-aa6b-0cd9e90abcb5","547","ORD","2017-04-04T17:19:00","PHX","04/04 18:50","3.32","3.48","3.31","","","A321","N556","321","77","1600.00","-1","-18","FO","RCD1"
"420357","2017  ","MAY 2017  ","5/8/2017 31085 LAX 320","948b57fc-5e73-4425-bf2c-86227b3b86e7","458","LAX","2017-05-08T16:13:00","PHX","05/08 17:42","0.00","","0.00","","12.08","A321","N562","321","AA","100.00","-7","-13","DH",""
"420357","2017  ","MAY 2017  ","5/8/2017 31085 LAX 320","81d97428-1a28-4649-91a8-aa36ccfe3365","491","PHX","2017-05-09T07:18:00","LAX","05/09 09:50","2.32","2.32","2.32","0.48","819","A321","N540","321","77","300.00","-2","52","CA",""
"420357","2017  ","MAY 2017  ","5/8/2017 31085 LAX 320","7046eed6-6e1a-4200-b84b-92af7586d773","82","LAX","2017-05-09T10:38:00","JFK","05/09 19:51","6.13","6.13","6.13","","13.39","A321","N795","321","80","-100.00","8","41","CA",""
"420357","2017  ","MAY 2017  ","5/8/2017 31085 LAX 320","e53386cf-2f2c-4fb7-ad86-e23e2b89d3d9","179","JFK","2017-05-10T10:54:00","SFO","05/10 14:06","6.12","6.28","6.12","1.33","760","A321","N795","321","80","300.00","-6","-22","CA",""
"420357","2017  ","MAY 2017  ","5/8/2017 31085 LAX 320","5e29dd14-5a08-4499-a535-b752379251b2","486","SFO","2017-05-10T15:39:00","PHX","05/10 17:40","2.01","2.01","2.01","","12.40","A321","N198","321","77","700.00","-6","","CA",""
"420357","2017  ","MAY 2017  ","5/8/2017 31085 LAX 320","0fc2b096-1ff8-4504-934e-8ad79249f9fd","491","PHX","2017-05-11T07:16:00","LAX","05/11 08:58","0.00","","0.00","","","A321","N191","321","AA","500.00","-4","","DH",""
"420357","2017  ","MAY 2017  ","5/14/2017 4489 LAX 320","9a7eafa1-e2e5-4105-987b-d18e6b448704","1133","LAX","2017-05-14T12:24:00","LAS","05/14 13:41","1.17","1.21","1.17","0.59","859","","N862","","75","-100.00","-6","-10","CA",""
"420357","2017  ","MAY 2017  ","5/14/2017 4489 LAX 320","09d400d0-e28a-489f-8093-b912ab8e3377","1133","LAS","2017-05-14T14:40:00","LAX","05/14 15:55","1.15","1.21","1.15","2.27","859","","N862","","75","500.00","-1","-7","CA",""
"420357","2017  ","MAY 2017  ","5/14/2017 4489 LAX 320","c0906efd-5105-4a06-b5e3-a48ef82d6822","1633","LAX","2017-05-14T18:22:00","DEN","05/14 22:04","2.42","2.42","2.42","","14.19","A319","N804","319","92","800.00","-3","7","CA",""
"420357","2017  ","MAY 2017  ","5/14/2017 4489 LAX 320","26b2c415-07ec-4c71-8cf0-3601f4324e67","1667","DEN","2017-05-15T13:51:00","LAX","05/15 15:17","2.26","2.35","2.26","1.29","","A319","N804","319","92","300.00","-2","-11","CA",""
"420357","2017  ","MAY 2017  ","5/14/2017 4489 LAX 320","38618113-1fdc-4790-84d9-16dc4c0be4b0","1058","LAX","2017-05-15T16:46:00","LAS","05/15 18:06","1.20","1.20","1.20","0.50","","A321","N868","321","76","0.00","-4","-4","CA",""
"420357","2017  ","MAY 2017  ","5/14/2017 4489 LAX 320","c85fa5a2-6ce6-48ce-aa44-f1a6fcf1cf5c","73","LAS","2017-05-15T18:56:00","LAX","05/15 20:30","1.34","1.34","1.34","","","A321","N868","321","76","400.00","-4","","CA",""
"420357","2017  ","MAY 2017  ","5/18/2017 4361 LAX 320","906b2116-9525-4d40-8a92-a60176d5fde3","265","LAX","2017-05-18T09:42:00","LIH","05/18 12:31","5.49","6.13","5.49","","24.29","","N852","","75","1200.00","-3","-27","CA",""
"420357","2017  ","MAY 2017  ","5/18/2017 4361 LAX 320","acba6492-d41f-41be-8d48-17eea1bdb5d5","266","LIH","2017-05-19T14:23:00","LAX","05/19 23:24","6.01","6.01","6.01","","","","N863","","75","200.00","-7","17","CA",""
"420357","2017  ","MAY 2017  ","5/26/2017 31124 LAX 320","89806233-d779-44c9-a17a-ca12a220187f","1641","LAX","2017-05-26T12:40:00","DFW","05/26 17:34","2.54","3.14","2.54","2.40","728","A321","N922","321","77","100.00","4","-16","CA",""
"420357","2017  ","MAY 2017  ","5/26/2017 31124 LAX 320","9017eb6b-18ac-4638-a2eb-d278d75369f5","1693","DFW","2017-05-26T20:14:00","LAS","05/26 21:12","2.58","3.05","2.58","","12.08","A321","N924","321","77","-200.00","69","62","CA",""
"420357","2017  ","MAY 2017  ","5/26/2017 31124 LAX 320","286c95ca-615e-4cf4-8ec2-609bea2a0336","1617","LAS","2017-05-27T10:43:00","LAX","05/27 11:47","0.00","","0.00","","","","N856","","AA","-100.00","23","-6","DH",""
"420357","2017  ","JUNE 2017  ","6/3/2017 31094 LAX 320","67a227cd-b170-4d21-8a1f-ad012593a8d3","2055","LAX","2017-06-03T06:08:00","CLT","06/03 13:56","4.48","4.54","4.48","","16.56","A321","N173","321","77","-2300.00","8","2","CA",""
"420357","2017  ","JUNE 2017  ","6/3/2017 31094 LAX 320","ea51bced-a778-478a-b6eb-7d15c97b2b9a","1993","CLT","2017-06-04T07:46:00","LAX","06/04 09:40","0.00","","0.00","","","A321","N196","321","AA","1000.00","-6","-30","DH",""
"420357","2017  ","JUNE 2017  ","6/9/2017 19374 LAX 320","8b4ace0a-729d-4568-8e7e-0cf9f82a68a0","520","LAX","2017-06-10T00:05:00","PHL","06/10 08:09","5.04","5.28","5.04","","10.56","A321","N568","321","77","600.00","15","-9","CA",""
"420357","2017  ","JUNE 2017  ","6/9/2017 19374 LAX 320","a8fe166f-6cb5-4a48-8ab7-38bf11de8414","423","PHL","2017-06-10T20:48:00","LAX","06/10 23:46","5.58","6.00","5.58","","","A321","N169","321","77","-9300.00","13","11","CA",""
"420357","2017  ","JUNE 2017  ","6/16/2017 19374 LAX 320","0402cf9f-05e5-4ee8-81bd-8c7a9a6cec81","520","LAX","2017-06-17T00:23:00","PHL","06/17 08:54","5.31","5.31","5.31","","10.11","A321","N551","321","77","1000.00","33","36","CA",""
"420357","2017  ","JUNE 2017  ","6/16/2017 19374 LAX 320","f67d452a-dc00-4ff1-a24d-bd92e7683e20","423","PHL","2017-06-17T22:30:00","LAX","06/18 00:53","5.23","6.00","5.23","","","A321","N575","321","77","900.00","115","78","CA",""
"420357","2017  ","JULY 2017  ","7/1/2017 19396 LAX 320","3f229a8b-ced3-45f0-94ea-229d5a1403d3","70","LAX","2017-07-01T08:16:00","DFW","07/01 13:26","3.10","3.17","3.10","1.09","1062","","N856","","75","500.00","6","-1","CA",""
"420357","2017  ","JULY 2017  ","7/1/2017 19396 LAX 320","89b9eae5-b752-42ac-b8f2-1ceafb7d60d3","1271","DFW","2017-07-01T14:35:00","OKC","07/01 15:33","0.58","0.58","0.58","0.48","1062","A319","N007","319","91","-200.00","","","CA",""
"420357","2017  ","JULY 2017  ","7/1/2017 19396 LAX 320","822844a1-413d-4838-be50-8a9b22449e95","1271","OKC","2017-07-01T16:21:00","DFW","07/01 17:20","0.59","1.02","0.59","2.59","1062","A319","N007","319","91","0.00","-6","-9","CA",""
"420357","2017  ","JULY 2017  ","7/1/2017 19396 LAX 320","f78c7fe1-139a-46ed-b49f-7b102ad639c1","2429","DFW","2017-07-01T20:19:00","SAT","07/01 21:18","0.59","1.05","0.59","","17.42","A321","N894","321","76","-200.00","84","78","CA",""
"420357","2017  ","JULY 2017  ","7/1/2017 19396 LAX 320","c15c1fd7-4606-4f99-ab62-e422f8a00767","357","SAT","2017-07-02T16:29:00","DFW","07/02 17:47","1.18","1.18","1.18","1.45","","A321","N986","321","76","-700.00","-1","4","CA",""
"420357","2017  ","JULY 2017  ","7/1/2017 19396 LAX 320","4fd0eec2-3919-4000-9235-5618693d181c","2489","DFW","2017-07-02T19:32:00","LAX","07/02 20:41","3.09","3.20","3.09","","","A321","N900","321","76","700.00","7","-4","CA",""
"420357","2017  ","JULY 2017  ","7/9/2017 3067 LAX 320","93460582-55f4-41ef-bff8-21b155a651d0","172","LAX","2017-07-09T10:47:00","JFK","07/09 19:27","5.40","5.52","5.40","1.49","775","A321","N795","321","80","0.00","17","5","CA",""
"420357","2017  ","JULY 2017  ","7/9/2017 3067 LAX 320","10c2f4d7-df6f-4e9e-9b85-5aacb616bec8","1105","JFK","2017-07-09T21:16:00","BOS","07/09 22:40","1.24","1.31","1.24","","12.55","A321","N797","321","80","200.00","17","10","CA",""
"420357","2017  ","JULY 2017  ","7/9/2017 3067 LAX 320","d014edc3-7ad0-44ce-a6b2-7d7fd2452389","333","BOS","2017-07-10T12:29:00","LAX","07/10 15:39","0.00","","0.00","","","B737","N3EN","737","AA","0.00","-6","-21","DH",""
"420357","2017  ","JULY 2017  ","7/22/2017 3147 LAX 320","f243198a-b2a6-4a19-a1a3-f2ee5a3be668","2","LAX","2017-07-22T09:00:00","JFK","07/22 17:09","5.09","5.47","5.09","","22.21","A321","N786","321","80","-300.00","","-38","CA",""
"420357","2017  ","JULY 2017  ","7/22/2017 3147 LAX 320","c998cc59-2898-4826-b342-9c2589e05883","133","JFK","2017-07-23T16:59:00","LAX","07/23 20:44","6.45","6.45","6.45","","","A321","N789","321","80","400.00","-1","18","CA",""
"420357","2017  ","JULY 2017  ","7/29/2017 31179 LAX 320","aa0239e3-229b-4d1a-86a7-cf99a171a040","458","LAX","2017-07-29T16:44:00","PHX","07/29 18:19","0.00","","0.00","0.30","1130","A321","N165","321","AA","-500.00","9","13","DH",""
"420357","2017  ","JULY 2017  ","7/29/2017 31179 LAX 320","e9b9fe0d-b6f5-48dd-af40-f566b13646bd","548","PHX","2017-07-29T18:49:00","MKE","07/30 00:00","3.11","3.19","3.11","","18.50","A319","N744","319","92","300.00","9","1","CA",""
"420357","2017  ","JULY 2017  ","7/29/2017 31179 LAX 320","eb79bac5-a3fd-4f9a-98db-f7f76dfea44f","596","MKE","2017-07-30T20:20:00","PHX","07/30 22:05","3.45","3.45","3.45","1.33","","A319","N747","319","92","1000.00","","5","CA",""
"420357","2017  ","JULY 2017  ","7/29/2017 31179 LAX 320","19bcc52b-917f-41cc-b86a-3b71633633c3","2034","PHX","2017-07-30T23:38:00","LAX","07/31 00:57","0.00","","0.00","","","A321","N545","321","AA","500.00","28","8","DH",""
"420357","2017  ","AUGUST 2017  ","8/4/2017 19243 LAX 320","045d29fb-7fe3-46e2-9368-4c537b0adbaa","1852","LAX","2017-08-04T00:21:00","CLT","08/04 08:04","4.43","4.56","4.43","","11.06","A321","N187","321","77","500.00","-4","-17","CA",""
"420357","2017  ","AUGUST 2017  ","8/4/2017 19243 LAX 320","51da9275-d0eb-427d-9c99-4655b8effe4e","1975","CLT","2017-08-04T21:13:00","LAX","08/04 23:37","5.24","5.24","5.24","","","A321","N183","321","77","600.00","33","40","CA",""
"420357","2017  ","AUGUST 2017  ","8/6/2017 19435 LAX 320","0b329fc1-8eff-4c50-b79a-5e6fc3e5425c","1517","LAX","2017-08-06T20:33:00","PHX","08/06 21:49","1.16","1.28","1.16","2.24","682","A321","N998","321","76","","","","CA",""
"420357","2017  ","AUGUST 2017  ","8/6/2017 19435 LAX 320","0f002a15-8c86-4a3b-92bd-988fd3dce15f","774","PHX","2017-08-07T00:13:00","ATL","08/07 06:51","3.38","3.39","3.38","","11.22","A320","N649","320","29","","","","CA",""
"420357","2017  ","AUGUST 2017  ","8/6/2017 19435 LAX 320","95ad0e61-08a0-42a4-99ce-391a7fd10aa7","1249","ATL","2017-08-07T20:31:00","LAX","08/07 22:17","4.46","4.55","4.46","","","A321","N934","321","76","200.00","48","39","CA",""
"420357","2017  ","AUGUST 2017  ","8/11/2017 19322 LAX 320","d4b093f2-84bb-4030-9d58-55e7fc67e978","1133","LAX","2017-08-11T11:32:00","LAS","08/11 12:56","1.24","1.24","1.24","0.50","1093","A321","N900","321","76","400.00","2","9","CA",""
"420357","2017  ","AUGUST 2017  ","8/11/2017 19322 LAX 320","8a3cb518-e7cd-4293-bc9a-247256f4bc91","1133","LAS","2017-08-11T13:46:00","LAX","08/11 15:07","1.21","1.24","1.21","1.48","1093","A321","N900","321","76","100.00","5","2","CA",""
"420357","2017  ","AUGUST 2017  ","8/11/2017 19322 LAX 320","60ce6192-a53f-4479-8d5f-21415222d17b","803","LAX","2017-08-11T16:55:00","STL","08/11 22:17","3.22","3.39","3.22","","18.13","A319","N742","319","92","-600.00","","-17","CA",""
"420357","2017  ","AUGUST 2017  ","8/11/2017 19322 LAX 320","e455cc01-a423-4dc6-a815-1b6e502f4b4a","2700","STL","2017-08-12T17:51:00","MIA","08/12 21:39","2.48","2.48","2.48","","11.41","A319","N009","319","91","-1100.00","-9","-9","CA",""
"420357","2017  ","AUGUST 2017  ","8/11/2017 19322 LAX 320","7b6fe440-e19b-490f-b106-ef84c98f11c6","2444","MIA","2017-08-13T11:48:00","DEN","08/13 13:51","4.03","4.22","4.03","0.32","","A319","N013","319","91","-600.00","58","39","CA",""
"420357","2017  ","AUGUST 2017  ","8/11/2017 19322 LAX 320","4ea00553-82ce-4174-9ca6-079fd386befa","1667","DEN","2017-08-13T14:23:00","LAX","08/13 15:48","2.25","2.38","2.25","","","A319","N803","319","92","200.00","-2","-15","CA",""
"420357","2017  ","AUGUST 2017  ","8/18/2017 19373 LAX 320","539bf4d8-e2f8-4249-8028-935c60ddd462","472","LAX","2017-08-18T21:26:00","MCO","08/19 05:07","4.41","5.01","4.41","","10.58","A321","N563","321","77","900.00","16","-4","CA",""
"420357","2017  ","AUGUST 2017  ","8/18/2017 19373 LAX 320","bf617c64-65ee-4547-8e4c-1e89ae51c5e3","2433","MCO","2017-08-19T17:48:00","DFW","08/19 19:22","2.34","2.50","2.34","1.20","978","A321","N908","321","76","400.00","13","-3","CA",""
"420357","2017  ","AUGUST 2017  ","8/18/2017 19373 LAX 320","85001002-9d3a-40c4-8233-d4d2d56d84d7","409","DFW","2017-08-19T20:42:00","CLT","08/20 00:03","2.21","2.27","2.21","","16.18","A321","N925","321","77","100.00","12","6","CA",""
"420357","2017  ","AUGUST 2017  ","8/18/2017 19373 LAX 320","4d8f73c7-332c-487f-9186-293c75e26d1b","1637","CLT","2017-08-20T18:06:00","LAX","08/20 20:11","5.20","5.20","5.05","","","A321","N572","321","77","1000.00","15","7","CA","ATC15"
"420357","2017  ","AUGUST 2017  ","8/26/2017 19773 LAX 320","8bb16b5f-1fcb-4bbf-935c-15e97531f6dd","1024","LAX","2017-08-26T12:37:00","MIA","08/26 20:42","5.05","5.10","5.05","2.12","972","A321","N880","321","76","300.00","-3","-8","CA",""
"420357","2017  ","AUGUST 2017  ","8/26/2017 19773 LAX 320","8f6cfee3-6dc0-466e-8fbd-796877e22f8b","39","MIA","2017-08-26T22:54:00","MCO","08/26 23:53","0.00","","0.00","","16.12","B737","N3FP","737","AA","-700.00","-1","-6","DH",""
"420357","2017  ","AUGUST 2017  ","8/26/2017 19773 LAX 320","914fecc6-1867-4bc4-af72-f1ee93798f8b","2433","MCO","2017-08-27T21:12:00","DFW","08/27 22:49","2.37","2.52","2.37","","17.56","A321","N875","321","76","-300.00","217","202","CA",""
"420357","2017  ","AUGUST 2017  ","8/26/2017 19773 LAX 320","2836b544-b3ff-4903-bb60-1f31b16dfbaf","2463","DFW","2017-08-28T17:43:00","LAX","08/28 18:36","0.00","","0.00","","","B787","N8LJ","787","AA","2400.00","-2","-19","DH",""
"420357","2017  ","AUGUST 2017  ","8/31/2017 3846 LAX 320","737fe17d-6e24-47ae-bac8-c280d170d83c","247","LAX","2017-08-31T17:05:00","KOA","08/31 19:49","5.45","5.45","5.44","","24.11","","N854","","75","700.00","-5","-6","CA","RCD1"
"420357","2017  ","AUGUST 2017  ","8/31/2017 3846 LAX 320","98667783-8e59-4392-9a08-9fb86f3f92c3","246","KOA","2017-09-01T21:15:00","LAX","09/02 05:29","5.14","5.15","5.14","","","","N862","","75","600.00","-15","-16","CA",""
"420357","2017  ","SEPTEMBER 2017  ","9/8/2017 3847 LAX 320","2624f97d-9a8b-4a83-96a4-9ef1c176116a","285","LAX","2017-09-08T17:28:00","LIH","09/08 20:10","5.42","5.59","5.42","","24.25","","N852","","75","1000.00","-2","-19","CA",""
"420357","2017  ","SEPTEMBER 2017  ","9/8/2017 3847 LAX 320","758f0ca5-dec7-4ffa-8b53-0daccc8d9cca","286","LIH","2017-09-09T21:56:00","LAX","09/10 06:23","5.27","5.35","5.27","","","","N855","","75","400.00","-9","-17","CA",""
"420357","2017  ","SEPTEMBER 2017  ","9/30/2017 3846 LAX 320","02513cf2-7f60-42ed-ac4d-907e4549fc30","247","LAX","2017-09-30T17:07:00","KOA","09/30 19:32","5.25","5.45","5.25","","24.28","","N857","","75","200.00","-3","-23","CA",""
"420357","2017  ","SEPTEMBER 2017  ","9/30/2017 3846 LAX 320","a0610aaf-31eb-4717-9ced-0e631f5d0482","246","KOA","2017-10-01T21:23:00","LAX","10/02 05:37","5.14","5.15","5.14","","","","N860","","75","400.00","-7","-8","CA",""
"420357","2017  ","OCTOBER 2017  ","10/5/2017 18809 LAX 320","cd1926e7-ffb2-44fc-973a-e22964f1100d","285","LAX","2017-10-05T17:34:00","LIH","10/05 20:24","5.50","6.01","5.50","","24.11","","N850","","75","700.00","4","-7","CA",""
"420357","2017  ","OCTOBER 2017  ","10/5/2017 18809 LAX 320","5eaa4e0b-b178-49ec-8e06-b4c7f9aeb818","286","LIH","2017-10-06T21:54:00","LAX","10/07 06:06","5.12","5.37","5.12","","","","N853","","75","1000.00","-11","-36","CA",""
"420357","2017  ","OCTOBER 2017  ","10/14/2017 18809 LAX 320","ec49106e-8b6b-41a5-ab59-9980e524cfce","285","LAX","2017-10-14T17:47:00","LIH","10/14 20:35","5.48","6.01","5.48","","24.00","","N851","","75","1400.00","17","4","CA",""
"420357","2017  ","OCTOBER 2017  ","10/14/2017 18809 LAX 320","c21a476e-48b5-41ce-b87a-aaa2c56227b1","286","LIH","2017-10-15T21:59:00","LAX","10/16 06:24","5.25","5.37","5.25","","","","N862","","75","900.00","-6","-18","CA",""
"420357","2017  ","OCTOBER 2017  ","10/21/2017 18742 LAX 320","1bed2807-7627-4682-9d14-5ac67980e6f0","362","LAX","2017-10-21T07:58:00","ORD","10/21 13:55","3.57","4.10","3.57","1.55","1245","A321","N900","321","76","-200.00","-2","-15","CA",""
"420357","2017  ","OCTOBER 2017  ","10/21/2017 18742 LAX 320","94755460-fe35-4fd9-a93e-98ce6747af11","593","ORD","2017-10-21T15:50:00","CLT","10/21 18:45","1.55","1.56","1.55","1.17","1245","A321","N539","321","77","200.00","","-1","CA",""
"420357","2017  ","OCTOBER 2017  ","10/21/2017 18742 LAX 320","9fcaef58-2b6c-433c-82dd-9406afe1007a","687","CLT","2017-10-21T20:02:00","ATL","10/21 21:23","1.21","1.21","1.21","","20.45","A319","N750","319","92","-200.00","-7","-4","CA",""
"420357","2017  ","OCTOBER 2017  ","10/21/2017 18742 LAX 320","84f01e9b-e5f7-42bc-8568-a56d83100738","1249","ATL","2017-10-22T19:43:00","LAX","10/22 21:08","4.25","5.07","4.25","","","A321","N878","321","76","500.00","5","-37","CA",""
"420357","2017  ","NOVEMBER 2017  ","11/1/2017 6118 LAX 320","439bc6ce-7b88-4191-adc2-30a015146ae3","1135","LAX","2017-11-01T11:18:00","PVR","11/01 15:15","2.57","3.15","2.57","1.17","","A319","N014","319","91","-500.00","-12","-30","CA",""
"420357","2017  ","NOVEMBER 2017  ","11/1/2017 6118 LAX 320","e1e827ea-3bb7-4684-a3fc-e3474288c5b4","1136","PVR","2017-11-01T16:32:00","LAX","11/01 18:42","3.10","3.19","3.10","","","A319","N014","319","91","-100.00","-8","-17","CA",""
"420357","2017  ","NOVEMBER 2017  ","11/3/2017 6314 LAX 320","23acbb26-bd79-4a68-bd22-cfe623c60e15","1667","LAX","2017-11-03T10:31:00","DEN","11/03 13:36","2.05","2.33","2.05","1.27","1099","A319","N762","319","92","1000.00","31","3","CA",""
"420357","2017  ","NOVEMBER 2017  ","11/3/2017 6314 LAX 320","9df2eb5c-d624-407a-b4c3-a153908128ba","686","DEN","2017-11-03T15:03:00","PHX","11/03 15:52","1.49","1.51","1.49","1.01","1099","A321","N536","321","77","900.00","3","1","CA",""
"420357","2017  ","NOVEMBER 2017  ","11/3/2017 6314 LAX 320","2bc5dbab-5df6-4867-8c9f-b5a5017dd15c","686","PHX","2017-11-03T16:53:00","PHX","11/03 17:29","0.36","","0.36","0.31","1099","A321","N536","321","77","","-7","","CA",""
"420357","2017  ","NOVEMBER 2017  ","11/3/2017 6314 LAX 320","798b6c34-817c-4264-ab66-8c563fd8b75f","686","PHX","2017-11-03T18:00:00","SFO","11/03 19:56","1.56","2.32","1.56","","18.19","A321","N536","321","77","200.00","60","57","CA",""
"420357","2017  ","NOVEMBER 2017  ","11/3/2017 6314 LAX 320","624e9cd4-e965-497e-a730-e095ebacb6cb","486","SFO","2017-11-04T15:42:00","PHX","11/04 17:22","1.40","1.56","1.40","1.25","785","A321","N540","321","77","400.00","-3","-19","CA",""
"420357","2017  ","NOVEMBER 2017  ","11/3/2017 6314 LAX 320","df1a8808-b818-4638-820f-7411976b7506","486","PHX","2017-11-04T18:47:00","ORD","11/04 23:45","2.58","3.23","2.58","","13.05","A321","N540","321","77","1300.00","-4","-29","CA",""
"420357","2017  ","NOVEMBER 2017  ","11/3/2017 6314 LAX 320","7e318491-2bc2-478e-a1b1-70f8032ff514","2223","ORD","2017-11-05T13:23:00","LAX","11/05 16:04","4.41","4.41","4.41","","","","N851","","75","600.00","3","12","CA",""
"420357","2017  ","NOVEMBER 2017  ","11/12/2017 6061 LAX 320","dea9096e-e7c0-4eae-858f-6ba60971e7ed","2420","LAX","2017-11-12T05:59:00","DFW","11/12 10:50","2.51","3.03","2.51","1.05","","","N861","","75","400.00","-1","-13","CA",""
"420357","2017  ","NOVEMBER 2017  ","11/12/2017 6061 LAX 320","b0bab846-4412-407f-83fb-cdc979f099ed","2425","DFW","2017-11-12T11:55:00","LAX","11/12 13:06","3.11","3.30","3.11","","","","N861","","75","600.00","-5","-24","CA",""
"420357","2017  ","NOVEMBER 2017  ","11/18/2017 6062 LAX 320","f33a2e8e-cdbd-496f-99da-f6c222a6f490","2420","LAX","2017-11-18T06:13:00","DFW","11/18 10:59","2.46","3.03","2.46","1.11","","","N861","","75","0.00","13","-4","CA",""
"420357","2017  ","NOVEMBER 2017  ","11/18/2017 6062 LAX 320","c691c065-dfbb-49b1-a1f4-8cf4c033f5cb","2425","DFW","2017-11-18T12:10:00","LAX","11/18 13:32","3.22","3.30","3.22","","","","N861","","75","1600.00","10","2","CA",""
"420357","2017  ","NOVEMBER 2017  ","11/19/2017 6074 LAX 320","18d3b577-cd8c-4e92-bdb7-c7fb8952ddcf","31","LAX","2017-11-19T08:42:00","HNL","11/19 13:16","6.34","6.34","6.34","","17.44","","N860","","75","300.00","22","48","CA",""
"420357","2017  ","NOVEMBER 2017  ","11/19/2017 6074 LAX 320","3cdd5e68-8887-4451-a34e-a007637fd069","108","HNL","2017-11-20T07:49:00","LAX","11/20 15:06","0.00","","0.00","","","","N858","","AA","800.00","-11","-25","DH",""
"420357","2017  ","NOVEMBER 2017  ","11/26/2017 6629 LAX 320","d3766383-ac31-465e-af4c-5ffbf557afd5","2600","LAX","2017-11-26T08:15:00","MIA","11/26 16:32","5.17","5.17","5.17","","23.23","","N853","","75","-100.00","-5","14","CA",""
"420357","2017  ","NOVEMBER 2017  ","11/26/2017 6629 LAX 320","96cf519f-9c09-49c6-bb81-299a2273b396","275","MIA","2017-11-27T17:19:00","LAX","11/27 19:48","5.29","6.03","5.29","","","A321","N884","321","76","-200.00","-6","-40","CA",""
"420357","2017  ","DECEMBER 2017  ","12/15/2017 6446 LAX 320","9c81ee67-676f-427b-96e0-9ffdb40b8d18","110","LAX","2017-12-15T09:46:00","ORD","12/15 15:56","4.10","4.17","4.10","2.39","1122","A321","N901","321","76","400.00","1","-6","CA",""
"420357","2017  ","DECEMBER 2017  ","12/15/2017 6446 LAX 320","bd0d07d6-d7b6-475a-840e-fa1120ee59e8","2704","ORD","2017-12-15T18:35:00","ATL","12/15 21:18","1.43","1.57","1.43","","18.42","A319","N025","319","91","-600.00","","-14","CA",""
"420357","2017  ","DECEMBER 2017  ","12/15/2017 6446 LAX 320","027fed1f-bf31-4cf3-8652-42904e2f7e99","607","ATL","2017-12-16T17:40:00","DFW","12/16 19:04","2.24","2.35","2.24","1.24","828","A320","N662","320","29","-500.00","10","-1","CA",""
"420357","2017  ","DECEMBER 2017  ","12/15/2017 6446 LAX 320","e52629d4-ec9c-4492-821f-32ceaca34a03","409","DFW","2017-12-16T20:28:00","CLT","12/16 23:37","2.09","2.28","2.09","","13.48","A319","N757","319","92","200.00","-2","-21","CA",""
"420357","2017  ","DECEMBER 2017  ","12/15/2017 6446 LAX 320","facce36b-0d18-4ac7-b129-cb07f24c0a38","725","CLT","2017-12-17T15:05:00","LAX","12/17 17:24","5.19","5.35","5.19","","","A321","N181","321","77","500.00","10","-6","CA",""
"420357","2017  ","DECEMBER 2017  ","12/29/2017 31028 LAX 320","403de8d5-c488-40d0-83c4-6ba8c8258884","1360","LAX","2017-12-29T15:34:00","BOS","12/29 23:57","5.23","5.23","5.23","","14.58","A321","N788","321","80","300.00","-5","","CA",""
"420357","2017  ","DECEMBER 2017  ","12/29/2017 31028 LAX 320","0332cd0b-5503-46d6-baee-8cc29eef58ae","452","BOS","2017-12-30T16:40:00","PHX","12/30 21:07","6.27","6.27","6.27","2.40","","A321","N180","321","77","-900.00","15","36","CA",""
"420357","2017  ","DECEMBER 2017  ","12/29/2017 31028 LAX 320","04378f8e-a35b-47b8-babd-001ba8312ac5","813","PHX","2017-12-30T23:47:00","LAX","12/31 00:21","0.00","","0.00","","","A321","N551","321","AA","-100.00","2","-1","DH",""
"420357","2017  ","DECEMBER 2017  ","12/31/2017 6191 LAX 320","ae4eb127-0702-4cfb-b42f-655ae203ffea","231","LAX","2017-12-31T18:45:00","OGG","12/31 22:48","6.03","6.03","6.03","","23.41","","N860","","75","-900.00","10","22","CA",""
"420357","2017  ","DECEMBER 2017  ","12/31/2017 6191 LAX 320","98c12f52-8062-41d0-9abe-108754cffed9","250","OGG","2018-01-02T00:20:00","LAX","01/02 07:38","5.18","5.18","5.18","","","","N863","","75","300.00","21","21","CA",""
"420357","2018  ","JANUARY 2018  ","1/12/2018 31109 LAX 320","882a4d5d-694c-4362-80b2-c33b7792d270","9655","SFO","2018-01-12T11:37:00","LAX","01/12 13:25","1.48","2.00","1.48","","","A321","N798","321","80","-400.00","67","55","CA",""
"420357","2018  ","FEBRUARY 2018  ","2/4/2018 6035 LAX 320","7458848f-2c9a-49ef-b6f6-b71ca490b436","2462","LAX","2018-02-04T13:57:00","DFW","02/04 18:55","2.58","3.16","2.58","1.28","","","N857","","75","900.00","-3","-21","CA",""
"420357","2018  ","FEBRUARY 2018  ","2/4/2018 6035 LAX 320","d0cafd9d-22f9-43da-a1fa-2b0264ac3abf","2649","DFW","2018-02-04T20:23:00","LAX","02/04 21:49","3.26","3.40","3.26","","","A321","N901","321","76","600.00","-2","-16","CA",""
"420357","2018  ","FEBRUARY 2018  ","2/11/2018 5972 LAX 320","0ba686ab-b7bf-4830-978d-9db631b8624c","260","LAX","2018-02-11T00:30:00","MIA","02/11 08:12","4.42","5.02","4.42","","11.43","A321","N879","321","76","-200.00","","-20","CA",""
"420357","2018  ","FEBRUARY 2018  ","2/11/2018 5972 LAX 320","6804e08e-7a34-48b7-a9e4-f65d97b390a8","1147","MIA","2018-02-11T21:22:00","LAX","02/12 00:01","5.39","6.13","5.39","","","A321","N879","321","76","700.00","-3","-37","CA",""
"420357","2018  ","FEBRUARY 2018  ","2/23/2018 6059 LAX 320","9863ee3d-bf5d-442f-bb1c-dd403fe0ac48","285","LAX","2018-02-23T17:21:00","LIH","02/23 21:23","6.02","6.26","6.02","","24.37","","N863","","75","600.00","-9","-33","CA",""
"420357","2018  ","FEBRUARY 2018  ","2/23/2018 6059 LAX 320","ca5513d2-55bf-42aa-b055-ed92d35d83e9","286","LIH","2018-02-25T00:12:00","LAX","02/25 07:46","5.34","5.38","5.34","","","","N854","","75","1100.00","42","38","CA",""
"420357","2018  ","MARCH 2018  ","3/6/2018 5537 LAX 320","327fcffc-82a9-4399-bf64-0824b4773775","2453","LAX","2018-03-06T07:30:00","DFW","03/06 12:19","2.49","3.09","2.49","2.18","","","N865","","75","800.00","30","10","CA",""
"420357","2018  ","MARCH 2018  ","3/6/2018 5537 LAX 320","98330760-c840-4b8d-8441-df4ca5464ae2","2460","DFW","2018-03-06T14:37:00","LAX","03/06 16:02","0.00","","0.00","","","A321","N883","321","AA","-500.00","-3","-8","DH",""
"420357","2018  ","MARCH 2018  ","3/10/2018 5907 LAX 320","3849c701-d3bf-4b67-8ada-287f5c71bf6d","59","LAX","2018-03-10T08:25:00","KOA","03/10 12:27","6.02","6.14","6.02","","23.12","","N859","","75","600.00","","-12","CA",""
"420357","2018  ","MARCH 2018  ","3/10/2018 5907 LAX 320","4b2717e3-3519-48ec-80bd-8bc6754755fa","58","KOA","2018-03-11T13:15:00","LAX","03/11 21:23","5.08","5.29","5.08","","","","N850","","75","1100.00","6","-15","CA",""
"420357","2018  ","MARCH 2018  ","3/21/2018 7206 LAX 320","ed000d45-fb65-4c48-aaee-6b5ecd5054f6","595","LAX","2018-03-21T06:11:00","PHX","03/21 07:42","0.00","","0.00","1.00","1444","","N853","","AA","100.00","-4","-6","DH",""
"420357","2018  ","MARCH 2018  ","3/21/2018 7206 LAX 320","93b8f08c-bbd2-492f-80f1-3ab38f219071","665","PHX","2018-03-21T08:42:00","CMH","03/21 15:21","3.42","3.46","3.39","","24.04","A319","N833","319","92","-100.00","-3","-10","CA","ATC3"
"420357","2018  ","MARCH 2018  ","3/21/2018 7206 LAX 320","9fff8d35-60df-40ce-b4f4-6e468eed5123","659","CMH","2018-03-22T16:23:00","LAX","03/22 18:40","0.00","","0.00","","","A319","N805","319","AA","-700.00","-2","3","DH",""
"420357","2018  ","APRIL 2018  ","4/3/2018 5835 LAX 320","ad6e6636-86d8-4c5e-aa1a-972dd519dc08","1993","LAX","2018-04-03T11:24:00","CLT","04/03 18:51","4.27","4.58","4.27","2.08","1031","A321","N576","321","77","100.00","2","-29","CA",""
"420357","2018  ","APRIL 2018  ","4/3/2018 5835 LAX 320","bc10f068-e15e-4d87-b3fd-d12ffc8a4455","2086","CLT","2018-04-03T20:59:00","MSP","04/03 22:49","3.24","3.24","2.50","","17.11","A321","N178","321","77","-400.00","34","41","CA","ATC34"
"420357","2018  ","APRIL 2018  ","4/3/2018 5835 LAX 320","b9814018-cd58-42cc-aefa-d8cb0fd8a1de","1835","MSP","2018-04-04T17:49:00","CLT","04/04 21:14","2.25","2.37","2.25","1.31","919","A320","N107","320","73","-200.00","19","7","CA",""
"420357","2018  ","APRIL 2018  ","4/3/2018 5835 LAX 320","f2cc0014-8e7d-42ba-8188-15253324ff04","1703","CLT","2018-04-04T22:45:00","STL","04/04 23:36","1.51","1.57","1.51","","15.19","A319","N733","319","67","1000.00","15","9","CA",""
"420357","2018  ","APRIL 2018  ","4/3/2018 5835 LAX 320","f4c0efc6-1050-4fda-8443-fd8f78bcbf03","829","STL","2018-04-05T16:36:00","LAX","04/05 18:34","3.58","4.11","3.58","","","A319","N828","319","92","200.00","11","-2","CA",""
"420357","2018  ","APRIL 2018  ","4/12/2018 5610 LAX 320","d7a7ce00-9ee8-4033-b302-311797c9da1b","2586","LAX","2018-04-12T12:04:00","MIA","04/12 19:59","4.55","5.02","4.55","1.39","1083","A321","N989","321","76","400.00","-6","-13","CA",""
"420357","2018  ","APRIL 2018  ","4/12/2018 5610 LAX 320","fb098f79-37f3-4329-bbdd-a571793ff152","2773","MIA","2018-04-12T21:38:00","MSY","04/12 22:47","2.09","2.14","2.09","","18.03","A319","N008","319","91","-300.00","-7","-12","CA",""
"420357","2018  ","APRIL 2018  ","4/12/2018 5610 LAX 320","262d4258-dc03-46b4-b5ec-eaa1523555c1","661","MSY","2018-04-13T20:04:00","CLT","22:57","1.53","2.02","1.53","","14.30","","","","67","","","","CA",""
"420357","2018  ","APRIL 2018  ","4/12/2018 5610 LAX 320","f73b0cb7-0e8c-4b73-b624-0bd8e232e832","829","STL","2018-04-14T18:17:00","LAX","04/14 20:06","3.49","4.11","3.49","","","A319","N825","319","92","100.00","112","90","CA",""
"420357","2018  ","APRIL 2018  ","4/19/2018 6059 LAX 320","fbb32070-96b2-4477-9cd8-9dc64a23dff7","2489","LAX","2018-04-19T11:47:00","DFW","04/19 16:45","2.58","3.12","2.58","2.01","1108","A321","N899","321","76","400.00","12","-2","CA",""
"420357","2018  ","APRIL 2018  ","4/19/2018 6059 LAX 320","ff85c9ec-788b-46b5-81c6-b54125dd0ee3","1734","DFW","2018-04-19T18:46:00","MEM","04/19 20:27","1.41","1.41","1.41","","18.28","A319","N767","319","92","400.00","1","8","CA",""
"420357","2018  ","APRIL 2018  ","4/19/2018 6059 LAX 320","cff2e367-8f07-4ae1-b24d-a176fe2cf5a9","808","MEM","2018-04-20T16:33:00","CLT","04/20 19:23","1.50","1.51","1.50","2.42","672","A319","N819","319","92","-200.00","8","7","CA",""
"420357","2018  ","APRIL 2018  ","4/19/2018 6059 LAX 320","29971f46-5a44-4d0a-80fb-09c97e7ec011","1717","CLT","2018-04-20T22:05:00","FLL","04/20 23:52","1.47","1.53","1.47","","11.12","A321","N543","321","77","0.00","-4","-10","CA",""
"420357","2018  ","APRIL 2018  ","4/19/2018 6059 LAX 320","81c4ac68-b773-4ac0-8f15-d076311ae156","1937","FLL","2018-04-21T12:05:00","CLT","04/21 14:08","0.00","","0.00","2.49","","A321","N919","321","AA","400.00","1","","DH",""
"420357","2018  ","APRIL 2018  ","4/19/2018 6059 LAX 320","bee218f0-c30c-40be-91a7-d8161c39a9cd","1773","CLT","2018-04-21T16:57:00","LAX","04/21 18:47","4.50","5.33","4.50","","","A321","N507","321","77","900.00","42","-1","CA",""
"420357","2018  ","APRIL 2018  ","4/27/2018 5543 LAX 320","4420fbbb-84de-42bd-85d5-9d1d035ed25b","1071","LAX","2018-04-27T00:41:00","DFW","04/27 05:38","2.57","3.01","2.57","0.00","","A321","N869","321","76","-200.00","-4","-8","CA",""
"420357","2018  ","MAY 2018  ","5/7/2018 31150 LAX 320","6d8a87ba-935c-4c81-b574-a8353ca1d51f","2083","LAX","2018-05-07T11:27:00","PHL","05/07 19:49","5.22","5.30","5.22","","11.17","","N852","","75","600.00","182","174","CA",""
"420357","2018  ","MAY 2018  ","5/7/2018 31150 LAX 320","e771751a-a640-4887-b0eb-9338ee7bcbf3","781","PHL","2018-05-08T08:02:00","LAX","05/08 10:40","0.00","","0.00","","","A321","N157","321","AA","1400.00","-4","-43","DH",""
"420357","2018  ","MAY 2018  ","5/11/2018 5594 LAX 320","96a73577-5a6d-45ea-8e7b-554ed3f813b5","2654","LAX","2018-05-11T14:23:00","YYZ","05/11 22:02","4.39","5.14","4.39","","18.53","A319","N026","319","91","-100.00","353","318","CA",""
"420357","2018  ","MAY 2018  ","5/11/2018 5594 LAX 320","0f0e614b-4ee8-4846-910f-ea94ce626534","2671","YYZ","2018-05-12T18:16:00","LAX","05/12 20:49","5.33","5.33","5.33","","","A319","N026","319","91","1900.00","-9","-9","CA",""
"420357","2018  ","MAY 2018  ","5/17/2018 31173 LAX 320","e0d742c0-e9d1-4476-8b80-0eb956865064","2442","LAX","2018-05-17T05:56:00","ORD","05/17 11:42","0.00","","0.00","1.37","","","N861","","AA","1300.00","-4","-38","DH",""
"420357","2018  ","MAY 2018  ","5/17/2018 31173 LAX 320","a1a4cb28-b11b-4c4e-b203-880548018105","2223","ORD","2018-05-17T13:19:00","LAX","05/17 15:33","4.14","4.35","4.14","","","","N861","","75","700.00","-6","-27","CA",""
"420357","2018  ","MAY 2018  ","5/18/2018 5622 LAX 320","95b1badd-965b-46b2-8dbe-3c05d949a39b","491","LAX","2018-05-18T11:06:00","PHX","05/18 12:47","1.41","1.41","1.41","1.08","","A320","N650","320","29","-600.00","57","64","CA",""
"420357","2018  ","MAY 2018  ","5/18/2018 5622 LAX 320","e13bf30c-92d3-4845-a360-61894588917b","2023","PHX","2018-05-18T13:55:00","LAX","05/18 15:13","1.18","1.32","1.18","1.44","","A321","N165","321","77","300.00","","-14","CA",""
"420357","2018  ","MAY 2018  ","5/18/2018 5622 LAX 320","d9fc5911-5d6e-4536-a1e3-af2216f119de","421","LAX","2018-05-18T16:57:00","LAS","05/18 18:12","1.15","1.16","1.15","0.57","","A321","N190","321","77","900.00","-3","-4","CA",""
"420357","2018  ","MAY 2018  ","5/18/2018 5622 LAX 320","6b2104ba-957a-45f5-948e-ad3738afeeed","421","LAS","2018-05-18T19:09:00","LAX","05/18 20:25","1.16","1.25","1.16","","","A321","N190","321","77","300.00","3","-6","CA",""
"420357","2018  ","MAY 2018  ","5/23/2018 5610 LAX 320","278a3ea1-8903-4935-87b8-1f5af9bf68dc","283","LAX","2018-05-23T09:50:00","HNL","05/23 12:45","5.55","6.06","5.55","","24.10","","N860","","75","-300.00","5","-6","CA",""
"420357","2018  ","MAY 2018  ","5/23/2018 5610 LAX 320","4f66f7ae-4636-47c2-bd11-5d37797d3648","284","HNL","2018-05-24T14:23:00","LAX","05/24 22:48","5.25","5.46","5.25","","","","N862","","75","-300.00","-2","-23","CA",""
"420357","2018  ","JUNE 2018  ","6/2/2018 5557 LAX 320","73ed489c-9bf1-4846-8322-2624b356787f","2440","LAX","2018-06-02T11:27:00","DFW","06/02 16:39","3.12","3.13","3.12","","19.22","A321","N890","321","76","-300.00","-3","-4","CA",""
"420357","2018  ","JUNE 2018  ","6/2/2018 5557 LAX 320","4fe3299a-3e10-462f-96ab-98ec1f71e7f4","2433","DFW","2018-06-03T13:03:00","MCO","06/03 16:46","0.00","","0.00","0.54","619","A321","N883","321","AA","400.00","2","8","DH",""
"420357","2018  ","JUNE 2018  ","6/2/2018 5557 LAX 320","e326018c-f9f6-44f0-9e35-fc6b6f3abc5b","2465","MCO","2018-06-03T17:40:00","DFW","06/03 19:28","2.48","3.03","2.48","3.56","619","A321","N883","321","76","400.00","","-15","CA",""
"420357","2018  ","JUNE 2018  ","6/2/2018 5557 LAX 320","d5c98380-bce4-4c25-8f8c-3e0d55dfd9ea","1142","DFW","2018-06-03T23:24:00","ORD","06/04 01:36","2.12","2.20","2.12","","10.19","A321","N883","321","76","400.00","159","151","CA",""
"420357","2018  ","JUNE 2018  ","6/2/2018 5557 LAX 320","16f47c1e-9983-4932-b8f4-9d47ba8344e9","2223","ORD","2018-06-04T13:24:00","LAX","06/04 15:29","4.05","4.31","4.05","","","","N854","","75","200.00","-1","-27","CA",""
"420357","2018  ","JUNE 2018  ","6/8/2018 5713 LAX 320","08fadb89-85e8-490f-9ff8-9909d6cbccef","1628","LAX","2018-06-08T15:37:00","BOS","06/09 00:03","5.26","5.35","5.26","","15.04","A321","N875","321","76","-100.00","-8","-17","CA",""
"420357","2018  ","JUNE 2018  ","6/8/2018 5713 LAX 320","2036f1de-33a1-496e-8eb6-50e8e7f67ca2","575","BOS","2018-06-09T16:34:00","PHL","06/09 18:17","1.43","1.44","1.43","4.05","734","A321","N567","321","77","-800.00","-3","-4","CA",""
"420357","2018  ","JUNE 2018  ","6/8/2018 5713 LAX 320","539d44fa-0f76-4dc2-8588-82ec4f670da5","1892","PHL","2018-06-09T22:22:00","IAH","06/10 00:54","3.32","3.32","3.32","","12.14","A320","N109","320","73","-200.00","122","122","CA",""
"420357","2018  ","JUNE 2018  ","6/8/2018 5713 LAX 320","b2aba661-a6e8-45ba-a6c6-3eef0d86a515","866","IAH","2018-06-10T14:07:00","LAX","06/10 15:33","0.00","","0.00","","","A319","N816","319","AA","600.00","-1","-12","DH",""
"420357","2018  ","JUNE 2018  ","6/17/2018 5823 LAX 320","cfe706b6-2eaa-44c3-8695-5b289cad2a53","147","LAX","2018-06-17T15:48:00","DFW","06/17 20:45","2.57","3.11","2.57","1.51","893","A321","N998","321","76","-400.00","-2","-16","CA",""
"420357","2018  ","JUNE 2018  ","6/17/2018 5823 LAX 320","19fa1658-b1f4-46ac-b2cc-ce263049e7ca","2585","DFW","2018-06-17T22:36:00","ORD","06/18 00:47","2.11","2.17","2.11","","14.53","A321","N890","321","76","700.00","1","-5","CA",""
"420357","2018  ","JUNE 2018  ","6/17/2018 5823 LAX 320","a9890532-93b9-4658-ad15-299888213c8b","2364","ORD","2018-06-18T18:24:00","LAX","06/18 21:10","4.46","4.46","4.46","","","","N853","","75","500.00","74","91","CA",""
"420357","2018  ","JUNE 2018  ","6/20/2018 31089 LAX 320","0c36d6d2-2d77-4dad-8ad6-0386bbd69d15","1366","LAX","2018-06-20T08:37:00","LAS","06/20 10:07","1.30","1.30","1.30","0.52","","","N856","","75","200.00","-3","2","CA",""
"420357","2018  ","JUNE 2018  ","6/20/2018 31089 LAX 320","abdd49bc-359c-40d2-be64-81d9e068e3c4","1366","LAS","2018-06-20T10:59:00","LAX","06/20 12:04","1.05","1.29","1.05","","","","N856","","75","100.00","","-24","CA",""
"420357","2018  ","JUNE 2018  ","6/23/2018 31076 LAX 320","cc29e978-c57e-4fa7-b6ab-c30222e2b45e","899","LAX","2018-06-23T16:40:00","PHX","06/23 18:22","0.00","","0.00","2.10","840","A321","N557","321","AA","0.00","","15","DH",""
"420357","2018  ","JUNE 2018  ","6/23/2018 31076 LAX 320","49036c5d-a5d8-44e6-8e81-b962db8ce5e5","1681","PHX","2018-06-23T20:32:00","SEA","06/23 23:27","2.55","2.59","2.55","","14.00","A321","N173","321","77","700.00","-3","-7","CA",""
"420357","2018  ","JUNE 2018  ","6/23/2018 31076 LAX 320","dc97cfc0-e822-4031-986d-a9c25812d3a3","500","SEA","2018-06-24T15:01:00","PHX","06/24 17:37","2.36","2.51","2.36","2.11","747","A320","N667","320","29","-100.00","4","-11","CA",""
"420357","2018  ","JUNE 2018  ","6/23/2018 31076 LAX 320","b74db162-bdbe-442c-9962-6c5ce74f8e3f","1951","PHX","2018-06-24T19:48:00","OMA","06/25 00:24","2.36","2.36","2.36","","12.27","A319","N764","319","92","200.00","51","57","CA",""
"420357","2018  ","JUNE 2018  ","6/23/2018 31076 LAX 320","2dd19b36-1461-472a-a386-851facaf624a","613","OMA","2018-06-25T14:14:00","PHX","06/25 14:46","2.32","2.46","2.32","3.06","","A319","N840","319","92","200.00","-7","-21","CA",""
"420357","2018  ","JUNE 2018  ","6/23/2018 31076 LAX 320","3463d286-cc44-4fea-b86b-e9f25f178cbb","650","PHX","2018-06-25T17:52:00","LAX","06/25 19:08","1.16","1.36","1.16","","","A321","N191","321","77","-100.00","52","32","CA",""
"420357","2018  ","JUNE 2018  ","6/26/2018 5391 LAX 320","3a407515-09f7-4fe1-a4f8-696060b2cd8b","445","LAX","2018-06-26T10:22:00","PHX","06/26 11:39","1.17","1.37","1.17","2.19","","A320","N658","320","29","-100.00","24","4","CA",""
"420357","2018  ","JUNE 2018  ","6/26/2018 5391 LAX 320","55d37830-9c6d-4881-a788-9b715599f465","899","PHX","2018-06-26T13:58:00","LAX","06/26 15:23","1.25","1.37","1.25","","","A321","N150","321","77","300.00","-2","-14","CA",""
"420357","2018  ","JULY 2018  ","7/1/2018 5959 LAX 320","b87475f9-2473-4834-8fd1-a423a86e6325","2800","LAX","2018-07-01T23:52:00","LAX","07/02 00:31","0.39","","0.39","2.10","1533","A321","N909","321","76","","-3","","CA",""
"420357","2018  ","JULY 2018  ","7/1/2018 5959 LAX 320","75ef5800-ca02-4b68-9406-18180dadc628","2800","LAX","2018-07-02T02:41:00","BOS","07/02 11:05","5.24","6.03","5.24","","25.33","A321","N928","321","76","-400.00","166","153","CA",""
"420357","2018  ","JULY 2018  ","7/1/2018 5959 LAX 320","67168cc9-c86c-4c3c-98c0-69fb7435df2f","1354","BOS","2018-07-03T13:32:00","ORD","07/03 15:12","0.00","","0.00","4.05","","B737","N3LX","737","AA","100.00","-6","-20","DH",""
"420357","2018  ","JULY 2018  ","7/1/2018 5959 LAX 320","6981fd10-e4fa-41e6-bdd4-6384020c21e6","2364","ORD","2018-07-03T19:17:00","LAX","07/03 21:22","4.16","4.29","4.05","","","","N862","","75","900.00","127","103","CA","RCD11"
"420357","2018  ","JULY 2018  ","7/7/2018 5389 LAX 320","0779671e-b7db-448c-8aba-1cdd26e15094","147","LAX","2018-07-07T15:58:00","DFW","07/07 21:02","3.04","3.13","3.04","1.32","1783","A321","N868","321","76","800.00","8","-1","CA",""
"420357","2018  ","JULY 2018  ","7/7/2018 5389 LAX 320","af2b89c4-1de4-4022-8aaa-de76b23825bd","2224","DFW","2018-07-07T22:34:00","PDX","07/08 00:27","3.53","3.54","3.53","","29.43","A321","N905","321","76","-100.00","-1","-2","CA",""
"420357","2018  ","JULY 2018  ","7/7/2018 5389 LAX 320","8561b8a7-1c79-4298-9fc0-34631f8a448b","2577","PDX","2018-07-09T07:35:00","DFW","07/09 13:22","3.47","3.50","3.47","3.08","","A321","N996","321","76","-100.00","-5","-8","CA",""
"420357","2018  ","JULY 2018  ","7/7/2018 5389 LAX 320","d96cf4de-5aad-4a5d-84df-b2a28224a84b","2459","DFW","2018-07-09T16:30:00","LAX","07/09 17:34","3.04","3.12","3.04","","","","N865","","75","-300.00","115","107","CA",""
"420357","2018  ","JULY 2018  ","7/18/2018 5389 LAX 320","c692ace7-cb00-4298-8fa1-eb471fb4e4ea","147","LAX","2018-07-18T15:49:00","DFW","07/18 21:11","3.22","3.22","3.22","2.11","1736","A321","N928","321","76","-200.00","-1","8","CA",""
"420357","2018  ","JULY 2018  ","7/18/2018 5389 LAX 320","d96156a1-2a39-4c6f-911c-7f678efe6c84","2224","DFW","2018-07-18T23:22:00","PDX","07/19 01:14","3.52","3.54","3.52","","28.56","A321","N872","321","76","200.00","47","45","CA",""
"420357","2018  ","JULY 2018  ","7/18/2018 5389 LAX 320","be4b9c86-1d8a-42bc-9664-7dd6edb04745","2577","PDX","2018-07-20T07:42:00","DFW","07/20 13:32","3.50","3.50","3.50","1.04","","A321","N987","321","76","-500.00","2","2","CA",""
"420357","2018  ","JULY 2018  ","7/18/2018 5389 LAX 320","dc90dcc2-272d-4827-a410-1093e4578786","2459","DFW","2018-07-20T14:36:00","LAX","07/20 15:27","2.51","3.12","2.51","","","","N856","","75","-1200.00","1","-20","CA",""
"420357","2018  ","JULY 2018  ","7/21/2018 5457 LAX 320","593b98ab-aca4-410a-b906-cd0e1a4fcadc","866","LAX","2018-07-21T07:42:00","IAH","07/21 13:17","3.35","3.35","3.35","","17.45","A319","N812","319","92","-500.00","22","36","CA",""
"420357","2018  ","JULY 2018  ","7/21/2018 5457 LAX 320","f69a42d9-b817-49e3-b95b-f98bea868ea2","1804","IAH","2018-07-22T08:26:00","CLT","07/22 12:05","2.39","2.39","2.39","2.56","712","A319","N742","319","92","0.00","-6","-6","CA",""
"420357","2018  ","JULY 2018  ","7/21/2018 5457 LAX 320","073b4859-0056-438d-a542-ad1db7c08821","776","CLT","2018-07-22T15:01:00","LAS","07/22 16:39","4.38","4.41","4.38","","11.52","A321","N198","321","77","600.00","2","-1","CA",""
"420357","2018  ","JULY 2018  ","7/21/2018 5457 LAX 320","6c7007df-2904-4c20-b81a-45f23a7000b1","1131","LAS","2018-07-23T06:01:00","DFW","07/23 10:43","2.42","2.49","2.42","1.03","","A321","N869","321","76","900.00","","-7","CA",""
"420357","2018  ","JULY 2018  ","7/21/2018 5457 LAX 320","bcb29787-40e6-40d4-92b1-5926fb99bb06","2811","DFW","2018-07-23T11:46:00","LAX","07/23 12:44","2.58","3.07","2.58","","","A321","N869","321","76","200.00","1","-8","CA",""
"420357","2018  ","JULY 2018  ","7/28/2018 5457 LAX 320","636ff410-0375-4e44-906e-4aefc063aef1","866","LAX","2018-07-28T07:49:00","IAH","07/28 13:05","3.16","3.21","3.16","","17.57","A319","N755","319","92","-100.00","29","24","CA",""
"420357","2018  ","JULY 2018  ","7/28/2018 5457 LAX 320","d4854998-7e97-4f9b-817b-088c5ec1808c","1804","IAH","2018-07-29T08:29:00","CLT","07/29 11:50","2.21","2.39","2.21","4.06","663","A319","N748","319","92","100.00","-3","-21","CA",""
"420357","2018  ","JULY 2018  ","7/28/2018 5457 LAX 320","9f56477a-aa8c-465e-9118-485c32b45a27","776","CLT","2018-07-29T15:56:00","LAS","07/29 17:28","4.32","4.41","4.32","","11.03","A321","N177","321","77","600.00","57","48","CA",""
"420357","2018  ","JULY 2018  ","7/28/2018 5457 LAX 320","3482f215-f0cf-463e-ad1e-f1db1fc7d068","1131","LAS","2018-07-30T06:09:00","DFW","07/30 10:51","2.53","2.53","2.42","1.07","","A321","N888","321","76","200.00","8","1","CA","ATC11"
"420357","2018  ","JULY 2018  ","7/28/2018 5457 LAX 320","7c758750-fdc6-407a-a3c6-916261482902","2811","DFW","2018-07-30T11:58:00","LAX","07/30 13:08","3.24","3.24","3.10","","","A321","N888","321","76","500.00","13","16","CA","ATC14"
"420357","2018  ","AUGUST 2018  ","8/3/2018 5633 LAX 320","8a8a6c33-9573-484a-b44b-f5979f6291c0","309","LAX","2018-08-03T14:43:00","ORD","08/03 21:02","4.19","4.19","4.19","","21.48","A321","N880","321","76","-700.00","-1","2","CA",""
"420357","2018  ","AUGUST 2018  ","8/3/2018 5633 LAX 320","3e512f2a-3b16-4668-9bee-d1b2bf35e65b","245","ORD","2018-08-04T20:19:00","LAX","08/04 22:52","4.33","4.33","4.33","","","A321","N932","321","76","-500.00","-1","2","CA",""
"420357","2018  ","AUGUST 2018  ","8/6/2018 31147 LAX 320","f7442c77-ce87-4580-90cf-381234bbe048","501","LAX","2018-08-06T16:54:00","LAS","08/06 18:01","1.07","1.14","1.07","0.58","","A321","N537","321","77","1100.00","4","-3","CA",""
"420357","2018  ","AUGUST 2018  ","8/6/2018 31147 LAX 320","6c8c0faa-49b3-4c00-92c9-cd463eb23780","501","LAS","2018-08-06T18:59:00","LAX","08/06 20:06","1.07","1.25","1.07","","","A321","N537","321","77","0.00","-1","-19","CA",""
"420357","2018  ","AUGUST 2018  ","8/9/2018 5670 LAX 320","5c422deb-80a7-4062-9380-3bc9317d4f25","205","LAX","2018-08-09T14:18:00","OGG","08/09 17:12","5.54","5.54","5.54","","27.20","","N864","","75","-1700.00","-2","11","CA",""
"420357","2018  ","AUGUST 2018  ","8/9/2018 5670 LAX 320","dd9fe7a0-cf28-400c-8a1e-7bf67acc124c","250","OGG","2018-08-11T22:43:00","LAX","08/12 06:49","0.00","","0.00","","","","N852","","AA","400.00","-9","-21","DH",""
"420357","2018  ","AUGUST 2018  ","8/17/2018 5611 LAX 320","ed0bc004-44a5-4e56-acf8-117c2041d974","866","LAX","2018-08-17T07:16:00","IAH","08/17 12:37","3.21","3.21","3.21","","18.25","A319","N807","319","92","-300.00","-4","-4","CA",""
"420357","2018  ","AUGUST 2018  ","8/17/2018 5611 LAX 320","d7acac85-e798-467c-b2e1-56262ae5b1a2","1804","IAH","2018-08-18T08:25:00","CLT","08/18 12:03","2.38","2.39","2.38","2.52","676","A319","N712","319","67","-600.00","-7","-8","CA",""
"420357","2018  ","AUGUST 2018  ","8/17/2018 5611 LAX 320","8f81cdd0-e5cb-457e-bc3e-4940f1f98854","776","CLT","2018-08-18T14:55:00","LAS","08/18 17:12","5.17","5.17","5.17","","11.16","A321","N552","321","77","600.00","-4","32","CA",""
"420357","2018  ","AUGUST 2018  ","8/17/2018 5611 LAX 320","26ace191-fca6-4455-bd1b-f3b0e67422ef","1131","LAS","2018-08-19T05:54:00","DFW","08/19 11:12","3.18","3.18","3.18","1.05","","A321","N891","321","76","-400.00","-4","23","CA",""
"420357","2018  ","AUGUST 2018  ","8/17/2018 5611 LAX 320","aa52ce9e-f97f-4a6b-86b6-b2e504c5e569","2811","DFW","2018-08-19T12:17:00","LAX","08/19 13:20","3.07","3.08","3.03","","","A321","N891","321","76","700.00","32","27","CA","RCD4"
"420357","2018  ","AUGUST 2018  ","8/23/2018 5690 LAX 320","784fabe8-74ba-4e19-b450-576e344ea1ce","184","LAX","2018-08-23T16:27:00","JFK","08/24 00:51","5.24","5.28","5.24","","15.39","A321","N790","321","80","-600.00","-3","-7","CA",""
"420357","2018  ","AUGUST 2018  ","8/23/2018 5690 LAX 320","49077327-3b7b-478f-a207-eed84d79538e","302","JFK","2018-08-24T17:55:00","LAX","08/24 21:00","6.05","6.15","6.05","","","A321","N783","321","80","300.00","-5","-15","CA",""
"420357","2018  ","AUGUST 2018  ","8/30/2018 5619 LAX 320","342ca18b-dfcd-4df9-8911-7cc67bf9f5eb","31","LAX","2018-08-30T08:16:00","HNL","08/30 11:26","6.10","6.10","6.10","","18.14","","N859","","75","200.00","-4","8","CA",""
"420357","2018  ","AUGUST 2018  ","8/30/2018 5619 LAX 320","f1b860d1-0f85-4e5e-b8ee-97c3841fe167","1480","HNL","2018-08-31T06:52:00","LAX","08/31 15:24","5.32","5.33","5.32","","","","N852","","75","-400.00","-18","-19","CA",""
"420357","2018  ","SEPTEMBER 2018  ","9/1/2018 5675 LAX 320","c854c6f3-8097-4aea-aa62-a072724b4dc9","2459","LAX","2018-09-01T08:03:00","DFW","09/01 13:24","3.21","3.21","3.21","1.26","1155","A321","N867","321","76","500.00","-2","2","CA",""
"420357","2018  ","SEPTEMBER 2018  ","9/1/2018 5675 LAX 320","0fbaf635-5ba6-4c2a-8236-e91daadd9687","249","DFW","2018-09-01T14:50:00","SAT","09/01 15:48","0.58","1.07","0.58","0.43","1155","A321","N899","321","76","0.00","15","6","CA",""
"420357","2018  ","SEPTEMBER 2018  ","9/1/2018 5675 LAX 320","66af28de-6085-4632-bfe7-c869eeaebaca","249","SAT","2018-09-01T16:31:00","DFW","09/01 17:47","1.16","1.17","1.16","0.59","1155","A321","N899","321","76","0.00","-2","-3","CA",""
"420357","2018  ","SEPTEMBER 2018  ","9/1/2018 5675 LAX 320","bddf867a-4d41-4583-912a-26feb5b7d594","1564","DFW","2018-09-01T18:46:00","SAT","09/01 19:48","1.02","1.13","1.02","","19.15","A321","N885","321","76","-100.00","-4","-15","CA",""
"420357","2018  ","SEPTEMBER 2018  ","9/1/2018 5675 LAX 320","6e94c295-480e-4ed4-830b-792d02418f60","249","SAT","2018-09-02T16:55:00","DFW","09/02 17:59","1.04","1.17","1.04","2.27","","A321","N872","321","76","300.00","22","9","CA",""
"420357","2018  ","SEPTEMBER 2018  ","9/1/2018 5675 LAX 320","3d9fb3e1-3b65-41a8-b9a7-67bdbaaa0882","2697","DFW","2018-09-02T20:26:00","LAX","09/02 21:56","3.30","3.30","3.30","","","A321","N987","321","76","100.00","1","12","CA",""
"420357","2018  ","SEPTEMBER 2018  ","9/6/2018 5807 LAX 320","eb500255-bc59-4373-815d-f022dad1ede3","2044","LAX","2018-09-06T08:34:00","CLT","09/06 16:28","4.54","5.05","4.54","2.25","1165","A321","N920","321","77","0.00","-1","-12","CA",""
"420357","2018  ","SEPTEMBER 2018  ","9/6/2018 5807 LAX 320","2c4261c7-0edd-4d14-8301-668413473267","817","CLT","2018-09-06T18:53:00","SAT","09/06 20:28","2.35","3.00","2.35","","19.25","A321","N519","321","77","900.00","33","8","CA",""
"420357","2018  ","SEPTEMBER 2018  ","9/6/2018 5807 LAX 320","82f32803-b981-4539-a972-a6c40cfa9ce3","1712","SAT","2018-09-07T19:25:00","CLT","09/07 23:08","2.43","2.52","2.43","1.11","837","A319","N813","319","92","2800.00","122","113","CA",""
"420357","2018  ","SEPTEMBER 2018  ","9/6/2018 5807 LAX 320","5daa8ed2-7c39-4d77-a17b-9655ffad01d6","1974","CLT","2018-09-08T00:19:00","STL","09/08 01:11","1.52","1.52","1.52","","13.57","A319","N714","319","67","-100.00","115","118","CA",""
"420357","2018  ","SEPTEMBER 2018  ","9/6/2018 5807 LAX 320","0903f25f-5c81-405a-b354-687210b57f81","670","STL","2018-09-08T18:11:00","LAX","09/08 19:54","3.43","3.57","3.43","","","A319","N749","319","92","600.00","93","79","CA",""
"420357","2018  ","SEPTEMBER 2018  ","9/27/2018 5478 LAX 320","d5d180c3-36d1-4348-96f9-a1af6a9f2132","539","LAX","2018-09-27T08:19:00","SJD","09/27 11:51","2.32","2.36","2.32","0.57","","A319","N823","319","","-900.00","-11","-15","CA",""
"420357","2018  ","SEPTEMBER 2018  ","9/27/2018 5478 LAX 320","01d31ca5-9d26-42a9-9516-5dfed0252070","539","SJD","2018-09-27T12:48:00","LAX","09/27 14:08","2.20","2.33","2.20","","","A319","N823","319","","400.00","-8","-21","CA",""
"420357","2018  ","OCTOBER 2018  ","10/6/2018 5880 LAX 320","76307118-3a4c-437d-9b3a-e00acbb110d4","1628","LAX","2018-10-06T17:54:00","BOS","10/07 02:10","5.16","5.30","5.16","","12.25","A321","N880","321","76","500.00","129","115","CA",""
"420357","2018  ","OCTOBER 2018  ","10/6/2018 5880 LAX 320","8d075255-08ec-452a-874a-04e3a251144d","2019","BOS","2018-10-07T16:18:00","PHL","10/07 17:42","1.24","1.37","1.24","1.29","913","A321","N173","321","77","-800.00","13","","CA",""
"420357","2018  ","OCTOBER 2018  ","10/6/2018 5880 LAX 320","958aa278-4336-4890-8010-a6fea5ba64e1","631","PHL","2018-10-07T19:11:00","RSW","10/07 21:53","2.42","3.01","2.42","","15.13","A321","N587","321","77","-200.00","1","-18","CA",""
"420357","2018  ","OCTOBER 2018  ","10/6/2018 5880 LAX 320","d68f9286-516a-439e-9f95-4d10a3f3544c","862","RSW","2018-10-08T16:53:00","PHL","10/08 19:34","2.41","2.44","2.41","1.45","739","A320","N111","320","73","-700.00","137","134","CA",""
"420357","2018  ","OCTOBER 2018  ","10/6/2018 5880 LAX 320","8d1293fb-6b6b-4d34-84d8-4e5bf70f71d1","2018","PHL","2018-10-08T21:19:00","RDU","10/08 22:41","1.22","1.32","1.22","","12.19","A321","N193","321","77","-700.00","330","320","CA",""
"420357","2018  ","OCTOBER 2018  ","10/13/2018 5573 LAX 320","7877d9b3-d0bc-4949-baab-956d80dcd03b","265","LAX","2018-10-13T09:50:00","LIH","10/13 12:53","6.03","6.03","6.03","","24.03","","N862","","75","700.00","5","10","CA",""
"420357","2018  ","OCTOBER 2018  ","10/13/2018 5573 LAX 320","9e0e113d-4060-438e-9ce6-21b67469cf18","266","LIH","2018-10-14T14:31:00","LAX","10/14 23:13","5.42","5.42","5.42","","","","N857","","75","200.00","5","8","CA",""
"420357","2018  ","OCTOBER 2018  ","10/18/2018 5655 LAX 320","5bab9b5c-66eb-41b1-8117-f5df5a170551","28","LAX","2018-10-18T23:00:00","JFK","10/19 07:06","5.06","5.25","5.06","0.00","1230","A321","N797","321","80","600.00","30","11","CA",""
"420357","2018  ","OCTOBER 2018  ","10/18/2018 5655 LAX 320","b2e26509-3afc-4f95-b4e4-3046398bcf2c","952","JFK","2018-10-20T13:29:00","DEN","10/20 15:59","0.00","","","0.49","793","B737","N3LL","737","CE","-1200.00","-1","7","CA",""
"420357","2018  ","OCTOBER 2018  ","10/18/2018 5655 LAX 320","2055804d-da74-4848-bef4-7b90b621f5e0","952","DEN","2018-10-20T16:48:00","PHX","10/20 17:44","0.00","","","1.10","793","B737","N3LL","737","CE","-700.00","38","36","CA",""
"420357","2018  ","OCTOBER 2018  ","10/18/2018 5655 LAX 320","72fd8b30-039a-40ae-b5a0-f399815a8c28","1951","PHX","2018-10-20T18:54:00","OMA","10/20 23:34","2.40","2.40","2.40","","13.13","A319","N838","319","92","-300.00","-3","6","CA",""
"420357","2018  ","OCTOBER 2018  ","10/18/2018 5655 LAX 320","11fc2565-d7fc-48a8-bebc-0c2b9ceea2ef","613","OMA","2018-10-21T14:24:00","PHX","10/21 15:08","2.44","2.50","2.44","1.54","","A319","N810","319","92","-500.00","7","1","CA",""
"420357","2018  ","OCTOBER 2018  ","10/18/2018 5655 LAX 320","cf80a334-0530-4d5d-a318-56aca74200aa","650","PHX","2018-10-21T17:02:00","LAX","10/21 18:34","1.32","1.33","1.32","","","A321","N563","321","77","-600.00","2","1","CA",""
"420357","2018  ","NOVEMBER 2018  ","11/3/2018 5789 LAX 320","2102314a-e332-4620-aa9b-a6e5f70e48b3","167","LAX","2018-11-03T08:31:00","BOS","11/03 17:12","5.41","5.41","5.41","","15.39","A321","N901","321","76","-1400.00","1","4","CA",""
"420357","2018  ","NOVEMBER 2018  ","11/3/2018 5789 LAX 320","08e38af6-7f70-401f-8d4d-3b48079f2942","653","BOS","2018-11-04T09:12:00","CLT","11/04 11:39","2.27","2.35","2.27","1.32","948","A320","N601","320","29","100.00","-9","-17","CA",""
"420357","2018  ","NOVEMBER 2018  ","11/3/2018 5789 LAX 320","5dfd4419-9dd5-43ea-af2b-f1be79721f08","2024","CLT","2018-11-04T13:11:00","IAH","11/04 14:56","2.45","2.48","2.45","","15.48","A319","N819","319","92","400.00","-1","-4","CA",""
"420357","2018  ","NOVEMBER 2018  ","11/3/2018 5789 LAX 320","c1cdada4-6c2b-4d5c-bcca-d3b7a9562279","1845","IAH","2018-11-05T08:11:00","DFW","09:45","1.34","1.34","1.34","1.53","","","","","92","","","","CA",""
"420357","2018  ","NOVEMBER 2018  ","11/3/2018 5789 LAX 320","52621911-5c25-4557-a550-2428dd699e70","2546","DFW","2018-11-05T11:38:00","LAX","12:58","3.22","3.26","3.22","","","","","","76","","","","CA","RCD2"
"420357","2018  ","NOVEMBER 2018  ","11/7/2018 5879 LAX 320","98c18010-c81d-479b-9f2c-f685669c5a55","313","LAX","2018-11-07T07:58:00","MIA","11/07 15:53","4.55","4.55","4.55","0.00","995","A321","N932","321","76","-200.00","-2","-1","CA",""
"420357","2018  ","NOVEMBER 2018  ","11/7/2018 5879 LAX 320","8fe9adcf-7f8e-4376-a6ed-73f7a5166e05","1620","MIA","2018-11-08T15:18:00","CLT","11/08 17:20","0.00","","0.00","1.50","710","B737","N3AK","737","AA","-300.00","18","14","DH",""
"420357","2018  ","NOVEMBER 2018  ","11/7/2018 5879 LAX 320","36c44eb7-8148-4c10-acfd-d80ead9aa21e","1631","CLT","2018-11-08T19:10:00","MSY","11/08 20:09","1.59","1.59","1.59","","11.50","A319","N812","319","92","800.00","-4","-2","CA",""
"420357","2018  ","NOVEMBER 2018  ","11/7/2018 5879 LAX 320","2d345e28-9047-4da9-86d3-6f409eb4ca03","1930","MSY","2018-11-09T09:27:00","CLT","11/09 12:09","1.42","1.53","1.42","3.09","","A320","N128","320","73","300.00","-2","-13","CA",""
"420357","2018  ","NOVEMBER 2018  ","11/7/2018 5879 LAX 320","91267dab-778c-4f4f-9f1e-5138eb56c60b","1833","CLT","2018-11-09T15:18:00","LAX","11/09 17:40","5.25","5.27","5.22","","","A321","N557","321","77","900.00","18","13","CA","RCD3"
"420357","2018  ","NOVEMBER 2018  ","11/11/2018 5552 LAX 320","acca6b50-5d0a-47dd-8964-95ee709b45f7","2322","LAX","2018-11-11T08:26:00","YYZ","11/11 16:04","4.38","4.57","4.38","","24.41","A319","N002","319","91","200.00","-7","-26","CA",""
"420357","2018  ","NOVEMBER 2018  ","11/11/2018 5552 LAX 320","c1f219e8-4ccd-4c58-81aa-e44469933690","2323","YYZ","2018-11-12T21:05:00","LAX","11/12 23:13","5.12","5.36","5.08","","","A319","N025","319","91","500.00","170","142","CA","RCD4"
"420357","2018  ","NOVEMBER 2018  ","11/16/2018 6049 LAX 320","50c2ddb8-bce3-4b2d-9d8f-ea6750d648f4","1966","LAX","2018-11-16T12:53:00","CLT","11/16 20:19","4.26","4.34","4.26","2.00","1024","A321","N534","321","77","900.00","8","","CA",""
"420357","2018  ","NOVEMBER 2018  ","11/16/2018 6049 LAX 320","483800a0-76a8-4d2e-8778-6df475f88ecd","1938","CLT","2018-11-16T22:19:00","ORF","11/16 23:32","1.13","1.13","1.13","","17.04","A319","N709","319","67","-200.00","-6","3","CA",""
"420357","2018  ","NOVEMBER 2018  ","11/16/2018 6049 LAX 320","782b49be-1816-42dd-89e3-c0cc26a22d48","867","ORF","2018-11-17T17:57:00","CLT","11/17 19:11","1.14","1.31","1.14","1.12","784","A319","N804","319","92","500.00","-9","-26","CA",""
"420357","2018  ","NOVEMBER 2018  ","11/16/2018 6049 LAX 320","45a0c5b4-d88d-4d4f-bddc-b60ba98cce79","2004","CLT","2018-11-17T20:23:00","JAX","11/17 21:36","1.13","1.21","1.13","","13.04","A319","N823","319","92","-400.00","-6","-14","CA",""
"420357","2018  ","NOVEMBER 2018  ","11/16/2018 6049 LAX 320","be07a671-83a9-46d2-aa40-587367067a03","1944","JAX","2018-11-18T12:03:00","CLT","11/18 13:30","1.27","1.27","1.27","1.27","","A320","N127","320","73","-100.00","-7","-6","CA",""
"420357","2018  ","NOVEMBER 2018  ","11/16/2018 6049 LAX 320","46f00540-a41e-4660-8577-be28b1d818c1","1833","CLT","2018-11-18T14:57:00","LAX","11/18 17:17","5.23","5.27","5.20","","","A321","N917","321","77","1000.00","-3","-10","CA","RCD3"
"420357","2018  ","NOVEMBER 2018  ","11/26/2018 6289 LAX 320","8feda192-cbc3-452f-b539-3eac3d80cd16","583","LAX","2018-11-26T13:53:00","DFW","11/26 18:57","3.04","3.05","3.04","1.40","963","A321","N170","321","77","1200.00","13","12","CA",""
"420357","2018  ","NOVEMBER 2018  ","11/26/2018 6289 LAX 320","192fa132-6090-4d32-97f9-e8e3e6876e47","1336","DFW","2018-11-26T20:37:00","MCO","11/27 00:00","2.23","2.30","2.23","","16.03","A321","N991","321","76","-100.00","12","5","CA",""
"420357","2018  ","NOVEMBER 2018  ","11/26/2018 6289 LAX 320","80ddc0c8-f777-4c11-b46f-5822cddabaef","2314","MCO","2018-11-27T18:00:00","DFW","11/27 19:52","2.52","2.56","2.52","0.49","1123","A321","N993","321","76","600.00","27","23","CA",""
"420357","2018  ","NOVEMBER 2018  ","11/26/2018 6289 LAX 320","376edab1-a8b4-4df0-95d6-c9897661aad2","1336","DFW","2018-11-27T20:41:00","MCO","11/27 23:57","2.16","2.30","2.16","","18.43","A321","N993","321","76","-1600.00","16","2","CA",""
"420357","2018  ","NOVEMBER 2018  ","11/26/2018 6289 LAX 320","1008ea52-c991-4e03-ae1d-84785d671d00","2757","MCO","2018-11-28T20:07:00","LAX","11/28 22:49","5.42","5.42","5.42","","","","N858","","75","600.00","-3","3","CA",""
"420357","2018  ","DECEMBER 2018  ","12/2/2018 5704 LAX 320","21c6cc43-ab60-4d7d-9d10-fccecdb462fe","296","LAX","2018-12-02T23:53:00","ORD","12/03 05:40","3.47","4.08","3.47","","11.34","","N854","","75","-300.00","-2","-23","CA",""
"420357","2018  ","DECEMBER 2018  ","12/2/2018 5704 LAX 320","9300f354-b86c-4562-84cb-af240ec18b98","2007","ORD","2018-12-03T18:54:00","PHL","12/03 22:09","2.28","2.28","2.15","","16.04","A321","N199","321","77","-1200.00","10","23","CA","RCD13"
"420357","2018  ","DECEMBER 2018  ","12/2/2018 5704 LAX 320","f7a2d9e2-77c4-4aaa-8380-36f7fe1cb160","422","PHL","2018-12-04T18:32:00","MCO","12/04 21:19","2.47","2.47","2.47","1.06","","A321","N921","321","77","-500.00","169","171","CA",""
"420357","2018  ","DECEMBER 2018  ","12/2/2018 5704 LAX 320","5590e2e1-2c82-425f-bfae-ad58b36dbcfd","2757","MCO","2018-12-04T22:25:00","LAX","12/05 01:04","5.39","5.39","5.39","","","","N859","","75","-500.00","135","138","CA",""
"420357","2018  ","DECEMBER 2018  ","12/15/2018 5904 LAX 320","65ee7b49-e126-42c6-9187-e2316bca77ec","2437","LAX","2018-12-15T06:57:00","DFW","12/15 12:06","3.09","3.09","3.09","2.37","1127","","N858","","75","500.00","-3","2","CA",""
"420357","2018  ","DECEMBER 2018  ","12/15/2018 5904 LAX 320","c0d40ced-01d3-4895-b2fb-60407480dfbb","580","DFW","2018-12-15T14:43:00","DEN","12/15 15:33","1.51","2.02","1.50","","18.47","A321","N924","321","77","1000.00","-2","-14","CA","RCD1"
"420357","2018  ","DECEMBER 2018  ","12/15/2018 5904 LAX 320","691afcdf-35e8-4db7-b376-e133b2774907","1957","DEN","2018-12-16T11:49:00","CLT","12/16 16:45","2.56","3.10","2.56","1.22","837","A321","N524","321","77","1800.00","-1","-15","CA",""
"420357","2018  ","DECEMBER 2018  ","12/15/2018 5904 LAX 320","1407bdf4-a5c3-4ce1-b192-8812b2af983a","1842","CLT","2018-12-16T18:07:00","MCO","12/16 19:45","1.38","1.51","1.38","","13.57","A321","N924","321","77","-400.00","-5","-18","CA",""
"420357","2018  ","DECEMBER 2018  ","12/15/2018 5904 LAX 320","8e5f8819-5afe-426b-afb2-f1b6f5a591dc","260","MCO","2018-12-17T11:13:00","MIA","12/17 12:11","0.58","1.08","0.58","2.02","","A321","N992","321","76","400.00","1","-9","CA",""
"420357","2018  ","DECEMBER 2018  ","12/15/2018 5904 LAX 320","341e7755-e6e3-47fe-a037-fd4cf5ba8d16","2283","MIA","2018-12-17T14:13:00","LAX","12/17 16:49","5.36","5.43","5.36","","","A321","N992","321","76","200.00","-2","-9","CA",""
"420357","2018  ","DECEMBER 2018  ","12/24/2018 6181 LAX 320","1fb34caf-60f6-4152-a257-09292787e11c","445","LAX","2018-12-24T09:58:00","PHX","12/24 12:19","1.21","1.27","1.21","2.40","1077","A320","N679","320","29","-100.00","-2","-8","CA",""
"420357","2018  ","DECEMBER 2018  ","12/24/2018 6181 LAX 320","bab7d5e1-4f53-47a8-bac1-bde1aaf65522","589","PHX","2018-12-24T14:59:00","SEA","12/24 16:52","2.53","3.09","2.53","","17.57","A321","N554","321","77","900.00","-2","-18","CA",""
"420357","2018  ","DECEMBER 2018  ","12/24/2018 6181 LAX 320","2157feaa-ec43-42b1-a9a8-c867a5d1e525","2024","SEA","2018-12-25T12:17:00","PHL","12/25 20:12","4.55","5.11","4.55","","12.28","A321","N179","321","77","100.00","-2","-18","CA",""
"420357","2018  ","DECEMBER 2018  ","12/24/2018 6181 LAX 320","8777ac07-7c74-4265-85f4-c717228bdaf8","566","PHL","2018-12-26T10:09:00","LAX","12/26 13:13","6.04","6.08","6.04","","","A321","N921","321","77","-300.00","-1","-5","CA",""
"420357","2018  ","DECEMBER 2018  ","12/30/2018 31148 LAX 320","3a09dea4-cfd9-44d9-a4bb-0859a451ae40","247","LAX","2018-12-30T17:33:00","KOA","12/30 20:49","5.16","5.45","5.16","","24.37","","N857","","75","400.00","-2","-31","CA",""
"420357","2018  ","DECEMBER 2018  ","12/30/2018 31148 LAX 320","cef2c0de-548b-4753-9e7b-e31d6991ea79","246","KOA","2018-12-31T23:18:00","LAX","01/01 07:29","6.11","6.11","6.11","","","","N854","","75","300.00","22","64","CA",""
"420357","2019  ","JANUARY 2019  ","1/7/2019 5820 LAX 320","cb47971a-6fde-4b8a-8d2d-1e8ef2898d83","416","LAX","2019-01-07T15:58:00","DEN","01/07 19:03","2.05","2.26","2.05","1.17","","A319","N819","319","92","1800.00","13","-8","CA",""
"420357","2019  ","JANUARY 2019  ","1/7/2019 5820 LAX 320","c142b036-cd40-4260-a706-3e6caaab7e1e","416","DEN","2019-01-07T20:20:00","LAX","01/07 21:52","2.32","2.41","2.32","","","A319","N819","319","92","-700.00","-4","-13","CA",""
"420357","2019  ","JANUARY 2019  ","1/8/2019 5609 LAX 320","99df4dd1-085d-4286-ba57-38b27827ac94","506","LAX","2019-01-08T21:45:00","PHL","01/09 05:31","4.46","5.08","4.46","","14.04","A321","N536","321","77","-200.00","","-22","CA",""
"420357","2019  ","JANUARY 2019  ","1/8/2019 5609 LAX 320","f66cbdde-7769-44cf-bf84-5c05feb4e03a","1793","PHL","2019-01-09T21:15:00","PHL","01/09 22:28","1.13","","1.13","3.13","851","A319","N744","319","92","","10","","CA",""
"420357","2019  ","JANUARY 2019  ","1/8/2019 5609 LAX 320","cfe26fc5-49a9-4c5f-8b4f-b11ba4b416c9","1793","PHL","2019-01-10T01:41:00","JAX","01/10 03:57","2.16","3.29","2.16","","14.11","A319","N757","319","92","700.00","276","270","CA",""
"420357","2019  ","JANUARY 2019  ","1/8/2019 5609 LAX 320","d13fefa1-829f-44b9-9bc4-e37fc4f5a1bd","12","JAX","2019-01-10T19:04:00","DFW","01/10 21:00","0.00","","0.00","1.14","","MD80","N4YB","S80","AA","-7700.00","-4","","DH",""
"420357","2019  ","JANUARY 2019  ","1/8/2019 5609 LAX 320","54dc8b6f-9729-4c3c-833b-0e70a16ca304","84","DFW","2019-01-10T22:14:00","LAX","01/10 23:30","0.00","","0.00","","","","N864","","AA","-300.00","-1","-11","DH",""
